,variable,g__Absconditella,g__Acarospora,g__Acremonium,g__Acrophialophora,g__Acrostalagmus,g__Aequabiliella,g__Agaricus,g__Ajellomyces,g__Alatospora,g__Alboleptonia,g__Aleurodiscus,g__Alpestrisphaeria,g__Alternaria,g__Amanita,g__Amaurodon,g__Ambispora,g__Amphinema,g__Amylocorticiellum,g__Angustimassarina,g__Antennariella,g__Anthostomella,g__Anthracobia,g__Antrodia,g__Antrodiella,g__Aphanobasidium,g__Aphroditeola,g__Apodus,g__Apophysomyces,g__Aporospora,g__Arachnopeziza,g__Archaeospora,g__Armillaria,g__Arrhenia,g__Arthrographis,g__Articulospora,g__Artomyces,g__Aschersonia,g__Ascobolus,g__Ascosphaera,g__Aspergillus,g__Aspicilia,g__Asterophora,g__Atractospora,g__Aureobasidium,g__Aureoboletus,g__Auricularia,g__Auxarthron,g__Bagliettoa,g__Balsamia,g__Bannoa,g__Barrmaelia,g__Basidioascus,g__Basidiobolus,g__Basidiodendron,g__Beauveria,g__Biatora,g__Biatriospora,g__Bifiguratus,g__Bionectria,g__Biscogniauxia,g__Boeremia,g__Boidinia,g__Bolbitius,g__Boletellus,g__Boletus,g__Botryobasidium,g__Botrytis,g__Bovista,g__Bryochiton,g__Bryoglossum,g__Byssocorticium,g__Cadophora,g__Calcarisporiella,g__Calcarisporium,g__Callistosporium,g__Caloboletus,g__Calvatia,g__Calyptrozyma,g__Camarops,g__Camarosporium,g__Canalisporium,g__Candelariella,g__Candida,g__Capronia,g__Carbonea,g__Catapyrenium,g__Catenulostroma,g__Celerioriella,g__Celosporium,g__Cenococcum,g__Cephaliophora,g__Cephalotheca,g__Ceramothyrium,g__Ceratobasidium,g__Cercophora,g__Cercospora,g__Ceriporia,g__Cerothallia,g__Cetrelia,g__Chaenotheca,g__Chaetomidium,g__Chaetomium,g__Chaetospermum,g__Chaetosphaeria,g__Chaetosphaeronema,g__Chalara,g__Chalciporus,g__Chamaemyces,g__Cheimonophyllum,g__Chloridium,g__Chlorociboria,g__Chromelosporium,g__Chrysosporium,g__Chrysozyma,g__Ciliochorella,g__Cinereomyces,g__Cistella,g__Cladonia,g__Cladophialophora,g__Cladorrhinum,g__Cladosporium,g__Claussenomyces,g__Clavaria,g__Clavatospora,g__Clavulina,g__Clavulinopsis,g__Clitocybe,g__Clitopilopsis,g__Clitopilus,g__Clonostachys,g__Coccomyces,g__Colacogloea,g__Coleophoma,g__Collariella,g__Collophora,g__Coltricia,g__Coniochaeta,g__Coniophora,g__Coniosporium,g__Coniothyrium,g__Conlarium,g__Conocybe,g__Coprinellus,g__Coprinopsis,g__Cordana,g__Cordyceps,g__Cortinarius,g__Corynespora,g__Cosmospora,g__Cotylidia,g__Crepidotus,g__Cristinia,g__Crocicreas,g__Crucellisporiopsis,g__Cruentomycena,g__Cryptococcus,g__Cryptocoryneum,g__Cryptosporiopsis,g__Cuphophyllus,g__Curvibasidium,g__Cylindrium,g__Cylindrosympodium,g__Cyphellophora,g__Cystobasidium,g__Cystolepiota,g__Cytospora,g__Dacryobolus,g__Dactylella,g__Dactylonectria,g__Daedaleopsis,g__Daldinia,g__Davidiellomyces,g__Debaryomyces,g__Devriesia,g__Dichomitus,g__Dictyosporium,g__Diplogelasinospora,g__Dominikia,g__Donadinia,g__Dothiora,g__Dothiorella,g__Echinoderma,g__Elaphomyces,g__Elasticomyces,g__Encoelia,g__Endoconidioma,g__Endogone,g__Endophoma,g__Endosporium,g__Entoloma,g__Entomocorticium,g__Epicoccum,g__Erioscyphella,g__Exidia,g__Exophiala,g__Fayodia,g__Fibroporia,g__Filobasidium,g__Flagelloscypha,g__Flammulaster,g__Fomitiporella,g__Friedmanniomyces,g__Fusariella,g__Fusarium,g__Fuscoporia,g__Fusicolla,g__Galerina,g__Ganoderma,g__Gautieria,g__Geastrum,g__Geminibasidium,g__Genabea,g__Genea,g__Geoglossum,g__Geomyces,g__Geopora,g__Geopyxis,g__Geosmithia,g__Gerhardtia,g__Gibellulopsis,g__Glarea,g__Gliophorus,g__Gloeodontia,g__Gloiothele,g__Glomus,g__Glutinoglossum,g__Gorgomyces,g__Graphium,g__Gymnoascus,g__Gymnopilus,g__Gymnopus,g__Hamatocanthoscypha,g__Hamigera,g__Harknessia,g__Hazslinszkyomyces,g__Hebeloma,g__Helicodendron,g__Helicoma,g__Helicomyces,g__Helicosporium,g__Helvella,g__Hemileucoglossum,g__Hemimycena,g__Hemistropharia,g__Herpotrichia,g__Heterobasidion,g__Heterocephalacria,g__Heterodermia,g__Hirsutella,g__Hispidoconidioma,g__Hodophilus,g__Hohenbuehelia,g__Holtermanniella,g__Hormonema,g__Humicola,g__Hyalopeziza,g__Hyaloraphidium,g__Hyalorbilia,g__Hyaloscypha,g__Hydnellum,g__Hydnobolites,g__Hydnocystis,g__Hydnoplicata,g__Hydnum,g__Hygrocybe,g__Hygrophorus,g__Hymenochaetopsis,g__Hymenopellis,g__Hymenoscyphus,g__Hymenula,g__Hyphoderma,g__Hyphodermella,g__Hyphodiscus,g__Hyphodontia,g__Hypholoma,g__Hyphozyma,g__Hypochnicium,g__Hypogymnia,g__Hypomyces,g__Hypoxylon,g__Hysterangium,g__Ijuhya,g__Ilyonectria,g__Infundibulicybe,g__Infundichalara,g__Inocybe,g__Kalmusia,g__Kamalomyces,g__Kernia,g__Knufia,g__Krasilnikovozyma,g__Kriegeria,g__Kurtzmanomyces,g__Laccaria,g__Lachnum,g__Lactarius,g__Laetinaevia,g__Lasiosphaeris,g__Lecania,g__Lecanicillium,g__Lecanora,g__Lectera,g__Lentithecium,g__Lentomitella,g__Leohumicola,g__Lepiota,g__Leptodontidium,g__Leucoagaricus,g__Leucogaster,g__Leucophleps,g__Leucosporidium,g__Libertasomyces,g__Libkindia,g__Limacella,g__Lindtneria,g__Lipomyces,g__Lopadostoma,g__Lophiostoma,g__Lophiotrema,g__Lycoperdon,g__Lyophyllum,g__Macroventuria,g__Malassezia,g__Mallocybe,g__Melanogaster,g__Melanoleuca,g__Melanomma,g__Melanophyllum,g__Meliniomyces,g__Metacordyceps,g__Metarhizium,g__Metulocladosporiella,g__Microascus,g__Microglossum,g__Microsporomyces,g__Miniancora,g__Mollisia,g__Monascella,g__Monocillium,g__Monodictys,g__Monticola,g__Morchella,g__Mortierella,g__Mrakia,g__Mucor,g__Muscodor,g__Mycena,g__Mycenella,g__Mycocentrospora,g__Mycopappus,g__Mycosphaerella,g__Myochromella,g__Myrothecium,g__Myxomphalia,g__Naganishia,g__Nakazawaea,g__Nalanthamala,g__Nectria,g__Nectriopsis,g__Nemania,g__Neocamarosporium,g__Neocatenulostroma,g__Neocucurbitaria,g__Neodevriesia,g__Neodidymelliopsis,g__Neoerysiphe,g__Neonectria,g__Neostagonospora,g__Neurospora,g__Nothophoma,g__Obba,g__Oberwinklerozyma,g__Ochroconis,g__Ochrolechia,g__Octaviania,g__Odontia,g__Oedogoniomyces,g__Oidiodendron,g__Olpidium,g__Omphalotus,g__Operculomyces,g__Orbilia,g__Ossicaulis,g__Otidea,g__Ovadendron,g__Pachyphlodes,g__Paecilomyces,g__Paraboeremia,g__Paraconiothyrium,g__Paraphaeosphaeria,g__Paratritirachium,g__Paulisebacina,g__Paurocotylis,g__Paxillus,g__Pectenia,g__Penicillium,g__Penidiella,g__Peniophora,g__Peniophorella,g__Periconia,g__Perusta,g__Pestalotiopsis,g__Pezicula,g__Peziza,g__Pezizella,g__Pezoloma,g__Phacidium,g__Phaeococcomyces,g__Phaeoisaria,g__Phaeomarasmius,g__Phaeomoniella,g__Phaeosphaeria,g__Phaeothecoidea,g__Phallus,g__Phanerochaete,g__Phellodon,g__Phialea,g__Phialocephala,g__Phialophora,g__Phlebia,g__Phlebiella,g__Phlebiopsis,g__Phlyctochytrium,g__Pholiota,g__Phoma,g__Phragmocephala,g__Phyllosticta,g__Physcia,g__Physisporinus,g__Pilatoporus,g__Piloderma,g__Pirex,g__Piskurozyma,g__Pisolithus,g__Pithoascus,g__Placopsis,g__Placynthiella,g__Plectania,g__Plenodomus,g__Pleonectria,g__Pleopsidium,g__Pleuroascus,g__Pleurophoma,g__Pleurotheciella,g__Pleurothecium,g__Pleurotus,g__Pluteus,g__Pochonia,g__Podoscypha,g__Podospora,g__Polycephalomyces,g__Polyscytalum,g__Polysporina,g__Postia,g__Preussia,g__Prosthemium,g__Protocrea,g__Protoglossum,g__Protomyces,g__Psathyrella,g__Pseudaegerita,g__Pseudaleuria,g__Pseudeurotium,g__Pseudoanungitea,g__Pseudobaeospora,g__Pseudocercospora,g__Pseudogymnoascus,g__Pseudohyphozyma,g__Pseudolachnea,g__Pseudophaeomoniella,g__Pseudoproboscispora,g__Pseudopyricularia,g__Pseudotomentella,g__Psilocybe,g__Pulvinula,g__Punctulariopsis,g__Pycnopeziza,g__Pyrenochaeta,g__Pyronema,g__Rachicladosporium,g__Ramaria,g__Ramariopsis,g__Ramicandelaber,g__Ramichloridium,g__Ramophialophora,g__Rasamsonia,g__Readeriella,g__Resinicium,g__Resupinatus,g__Reticulascus,g__Retroconis,g__Rhinocladiella,g__Rhizoctonia,g__Rhizophlyctis,g__Rhizoplaca,g__Rhizopogon,g__Rhizoscyphus,g__Rhodocybe,g__Rhodophana,g__Rhodosporidiobolus,g__Rhodotorula,g__Rickenella,g__Riopa,g__Ripartites,g__Rosellinia,g__Rugosomyces,g__Rupestriomyces,g__Russula,g__Sagenomella,g__Saitoella,g__Sakaguchia,g__Sarcinomyces,g__Sarcoporia,g__Sarcostroma,g__Sarea,g__Schenella,g__Schizothecium,g__Scleroconidioma,g__Scleroderma,g__Sclerostagonospora,g__Scopuloides,g__Scutellinia,g__Scytalidium,g__Scytinostroma,g__Sebacina,g__Seimatosporium,g__Seiridium,g__Sepedonium,g__Septoria,g__Serendipita,g__Serpula,g__Sidera,g__Sigarispora,g__Simocybe,g__Simplicillium,g__Sirastachys,g__Sistotrema,g__Sistotremastrum,g__Skeletocutis,g__Slooffia,g__Solicoccozyma,g__Spadicoides,g__Spizellomyces,g__Sporobolomyces,g__Sporothrix,g__Stagonosporopsis,g__Steccherinum,g__Stemphylium,g__Stereum,g__Sterigmatobotrys,g__Sticta,g__Stromatonectria,g__Suberoteratosphaeria,g__Subulicystidium,g__Sugiyamaella,g__Suillellus,g__Suillus,g__Sydowia,g__Symmetrospora,g__Talaromyces,g__Taphrina,g__Tarzetta,g__Tausonia,g__Teichospora,g__Tephrocybe,g__Teratosphaeria,g__Teratosphaericola,g__Tetracladium,g__Thelebolus,g__Thelidium,g__Thelonectria,g__Thielavia,g__Thyrostroma,g__Tolypocladium,g__Tomentella,g__Tornabea,g__Tothia,g__Toxicocladosporium,g__Trametes,g__Trapelia,g__Trechispora,g__Tricharina,g__Trichocladium,g__Trichoderma,g__Trichoglossum,g__Tricholoma,g__Trichophaea,g__Tubaria,g__Tuber,g__Tubeufia,g__Tubulicrinis,g__Tulostoma,g__Tumularia,g__Udeniozyma,g__Umbelopsis,g__Umbilicaria,g__Uncobasidium,g__unidentified,g__Uzbekistanica,g__Venturia,g__Venturiocistella,g__Vermiconia,g__Verrucaria,g__Verticillium,g__Vibrissea,g__Vishniacozyma,g__Volutella,g__Volvariella,g__Wallemia,g__Warcupia,g__Wiesneriomyces,g__Wrightoporia,g__Xenasma,g__Xenodidymella,g__Xenomeris,g__Xenophacidiella,g__Xenopolyscytalum,g__Xerocomellus,g__Xeromphalina,g__Xylaria,g__Xylodon,g__Xylographa,g__Xylomyces,g__Yunzhangia,g__Yurkovia,g__Zopfiella,g__Zygoascus
1,ITS1POST60101,0,0,0,0,0,0,0,0,0,0,0,0,13,0,0,0,0,0,0,0,0,334,0,0,0,0,0,0,0,0,2,0,0,0,0,0,0,0,0,3,0,0,0,0,0,0,0,0,0,0,0,6477,1,1,0,0,0,0,0,0,0,0,0,0,0,0,0,0,0,0,0,0,0,0,0,0,0,5,0,0,0,1,0,0,0,0,0,0,0,0,0,0,0,1,0,0,0,0,0,0,0,9,0,0,0,0,0,0,0,0,0,0,0,0,0,0,0,0,0,0,11,0,1,0,0,1,0,0,0,0,0,0,0,0,0,0,0,0,0,0,0,0,1,0,0,0,0,0,0,0,0,0,0,0,0,0,0,0,0,0,0,0,0,0,0,0,0,0,0,0,0,0,0,0,0,0,0,0,0,0,0,0,0,0,0,5,0,1,8,2,0,0,0,0,5,0,0,0,0,0,0,0,0,45,0,0,0,1,0,8,13,0,0,0,0,1,4,0,0,0,0,0,0,0,0,0,0,0,0,0,0,0,0,0,0,0,2,0,0,0,0,0,0,0,2,0,0,0,0,0,0,0,0,0,0,0,0,0,0,0,0,0,0,0,5,0,0,0,0,0,0,0,0,0,0,0,0,0,0,0,0,0,6,0,0,2,0,0,1,1,0,0,0,0,0,0,0,0,0,0,0,0,0,0,1,0,0,0,0,0,0,0,0,0,0,0,0,0,0,2,10,0,0,0,0,0,0,0,0,0,1,0,0,0,0,0,0,0,0,0,0,0,35,0,0,0,0,0,0,0,0,0,0,0,3,0,0,0,0,2,0,3,0,0,0,0,0,0,0,0,0,0,0,0,0,0,0,1,0,0,0,0,0,0,0,0,0,1,0,0,1,0,0,0,0,971,0,0,0,0,0,0,0,0,0,0,1,0,0,0,0,0,0,0,0,0,0,0,0,0,0,0,0,0,0,0,0,0,0,0,0,0,0,0,0,0,0,0,0,0,0,3,0,0,0,0,1,0,0,0,0,0,0,0,0,0,0,0,0,0,0,0,0,0,0,0,1,0,0,0,0,0,0,0,0,0,0,0,439,0,0,2,0,0,0,2,0,0,0,0,0,0,0,0,0,0,0,0,0,0,0,0,0,0,0,0,0,2,0,0,0,0,0,0,0,0,0,0,0,0,0,253,0,0,0,0,0,0,0,0,0,0,0,0,0,0,0,0,0,0,0,0,0,0,0,0,0,0,0,0,0,0,0,1,0,0,0,0,0,0,0,0,0,0,1,0,0,0,0,0,0,0,0,0,4,0,0,0,0,0,0,0,0,8,0,0,0,0,0,0,0,0,0,0,0,0,0,3365,0,0,0,0,0,0,0,2,0,0,0,0,0,0,0,0,0,0,0,0,0,0,0,0,0,0,0,0,0
2,ITS1POST60102,0,0,0,0,0,0,0,0,0,0,0,0,0,0,0,4,0,0,0,0,0,32,0,0,0,0,0,1,0,0,4,0,0,0,0,0,0,0,0,1,0,0,0,0,0,0,0,0,0,0,0,1566,7,0,0,0,0,0,0,0,0,0,0,0,0,0,0,0,0,0,0,0,0,0,0,0,0,0,0,0,0,0,0,0,1,0,0,0,0,0,0,0,0,0,0,0,0,0,0,0,0,29,0,2,0,7,0,0,0,0,0,0,0,0,0,0,0,0,2,0,5,0,19,0,0,0,0,0,0,0,0,0,1,0,8,0,0,0,0,0,0,0,0,0,0,0,0,0,0,0,0,0,0,0,0,0,0,0,1,6,0,0,0,0,2,0,0,0,0,0,0,0,0,0,0,0,6,0,0,0,0,4,0,0,0,0,0,1,0,6,0,0,0,0,0,0,0,2,0,0,0,0,0,47,0,0,0,10,3,5,86,0,1,0,0,0,159,0,0,0,0,0,0,0,0,0,0,0,8,0,0,0,3,0,0,0,1,0,0,0,0,0,0,0,0,0,0,0,0,0,0,0,0,0,6,0,0,0,0,0,0,0,0,0,917,0,0,0,0,0,0,0,0,0,0,0,0,0,0,0,0,0,1,0,0,2,0,0,0,0,0,0,0,0,3,0,0,0,0,5,0,1,0,0,10,1,0,0,0,0,0,0,0,0,0,0,0,10,0,0,9,0,0,0,3,0,0,0,0,0,10,0,0,0,0,0,0,0,0,0,0,65,146,0,0,0,0,16,0,0,0,0,0,0,0,0,1,3,0,1,0,0,0,0,0,3,0,0,0,6,0,0,0,0,0,1,0,0,0,0,0,0,0,0,0,0,0,0,0,0,0,0,0,0,0,766,0,0,0,0,4,0,0,2,0,0,11,0,0,0,0,0,0,0,0,0,0,0,0,0,0,0,0,0,2,0,0,0,0,0,0,0,0,0,0,0,0,0,0,0,0,0,0,0,0,0,0,0,0,0,0,0,0,0,0,0,0,0,0,0,0,0,0,0,0,0,0,0,0,0,0,0,0,0,4,0,1,1,105,0,1,83,0,0,0,0,0,0,1,0,0,0,0,0,0,0,0,0,0,0,1,0,0,0,0,0,0,0,4,0,0,0,0,0,0,0,0,0,0,0,0,65,0,0,0,0,0,0,0,0,0,0,0,0,0,0,0,0,0,0,0,0,0,0,0,0,0,0,0,0,0,0,0,0,0,0,0,0,0,0,0,0,0,0,12,0,0,0,0,0,0,0,0,0,15,0,0,0,0,0,0,0,2,7,0,0,0,0,0,0,0,0,0,0,6,0,0,7712,0,0,0,0,0,0,0,0,0,0,0,0,0,0,0,0,0,0,0,0,0,24,0,0,0,0,0,0,0
3,ITS1POST60103,0,0,3,0,0,0,0,0,0,0,0,0,0,0,0,0,0,0,0,0,0,85,0,0,0,0,0,0,0,0,0,1,0,0,0,0,0,0,0,13,0,0,0,0,0,2,1,0,0,0,0,4843,3,0,0,0,0,0,0,0,0,0,0,0,1,0,0,0,0,0,0,0,0,0,0,0,0,0,0,0,0,0,0,0,0,0,0,0,0,0,0,0,0,0,0,0,0,0,0,0,0,15,0,0,0,1,0,0,0,0,0,0,0,0,0,0,1,0,0,0,18,0,2,0,0,0,0,0,0,0,0,0,0,0,0,0,0,0,0,0,0,0,1,0,0,0,0,0,0,0,0,0,0,0,0,0,0,0,0,0,0,0,0,0,0,0,0,0,0,0,0,0,0,0,0,0,0,0,0,0,0,0,0,0,0,0,0,0,0,1,0,1,0,0,1,0,0,1,0,0,0,0,0,45,0,0,0,5,0,0,28,0,0,0,0,0,4,0,0,0,0,0,0,0,0,0,0,0,0,0,0,0,0,0,0,0,0,0,0,0,0,0,0,0,0,0,0,0,0,0,0,0,0,0,0,0,0,0,0,0,0,0,0,0,8,1,0,0,0,0,0,0,0,0,0,0,0,0,0,0,0,0,0,0,0,0,0,0,0,0,0,0,0,0,0,0,0,0,0,0,0,0,0,0,10,1,0,0,0,0,6,0,0,0,0,0,0,0,0,0,11,0,0,0,0,0,0,0,0,0,2,0,0,0,0,0,0,2,0,0,0,26,109,0,0,0,2,0,0,0,4,0,0,0,0,0,0,0,0,1,0,0,0,0,0,0,0,0,0,0,0,0,0,0,0,0,0,0,0,0,0,0,0,0,0,0,0,1,0,0,1,0,0,0,0,3107,0,0,0,0,0,0,0,0,0,0,0,0,0,0,1,0,0,0,0,0,0,0,0,0,0,0,0,0,0,0,0,0,0,0,0,0,0,0,0,0,0,0,0,0,0,0,0,0,0,0,0,0,0,0,0,0,0,0,0,0,0,0,0,0,0,0,0,0,0,0,1,0,0,0,0,0,0,0,0,0,0,0,267,0,0,10,0,0,0,7,0,0,0,0,0,0,0,0,0,0,0,0,0,0,0,0,0,0,0,0,0,0,2,0,0,0,0,0,0,0,0,0,47,0,0,2293,1,0,0,0,0,0,0,0,0,0,0,0,0,0,0,0,0,0,0,0,0,0,0,0,0,0,0,0,0,0,0,0,0,0,0,0,0,0,0,0,0,0,0,0,0,0,0,0,0,0,0,0,7,0,0,0,0,0,1,0,1,0,0,0,0,0,0,0,0,0,0,0,1,0,0,1080,0,0,0,0,0,0,0,0,2,0,0,0,0,0,0,0,0,0,0,0,0,0,0,0,0,0,0,0,0
4,ITS1POST60104,0,0,0,0,0,0,0,0,0,0,0,0,2,0,0,0,0,0,0,0,0,0,0,0,0,0,0,0,0,0,0,0,1,0,0,0,0,0,0,1,0,0,0,1,0,0,0,0,0,0,0,1338,0,0,0,0,0,0,0,0,0,0,0,0,0,0,0,0,0,0,0,0,0,0,0,0,0,0,0,0,0,0,0,0,0,0,0,0,0,0,0,0,0,0,0,0,0,0,0,0,0,232,0,0,0,0,0,0,0,0,0,0,0,0,0,0,0,0,0,0,0,0,0,0,0,0,0,0,0,0,0,0,0,21,0,0,0,1,0,0,0,0,0,0,0,0,0,0,0,0,0,0,0,0,0,0,0,0,0,0,0,0,0,0,1,0,0,0,0,0,0,0,0,0,0,0,0,0,0,0,0,0,0,0,0,0,0,0,0,2,0,0,0,0,0,0,0,0,0,0,0,0,0,33,0,0,0,1,0,0,1,0,1,0,0,0,151,0,0,0,0,0,0,0,0,0,0,0,0,0,0,0,0,0,0,0,1,0,0,0,0,0,0,0,0,0,0,0,0,0,0,0,0,0,0,0,0,0,0,0,0,1,0,0,7,0,0,0,0,0,0,0,0,0,0,0,0,0,0,0,0,0,0,0,0,1,0,0,0,0,0,0,0,0,0,0,0,0,1,1,0,0,0,0,4,0,0,0,0,1,0,0,0,0,0,0,0,0,0,0,2,22,0,2,0,0,0,0,0,0,0,0,0,0,0,0,0,0,0,0,0,17,15,0,0,0,0,0,0,0,4,0,0,0,0,0,0,0,0,0,0,0,0,0,0,0,0,0,0,14,0,0,0,0,0,0,0,0,0,0,0,0,0,0,0,0,1,0,0,0,0,0,0,0,0,1974,0,0,0,0,0,0,0,1,0,0,0,0,0,0,0,0,0,0,0,0,0,0,0,0,0,0,0,0,0,0,0,0,0,0,0,0,0,0,0,0,0,0,0,0,0,0,0,0,0,0,0,0,0,1,0,0,0,0,0,0,0,0,0,0,0,0,0,0,1,0,0,0,0,0,0,0,0,0,1,0,0,0,0,0,0,0,0,0,0,3,0,0,0,0,0,0,0,0,0,0,0,0,0,0,0,0,0,0,0,0,0,0,0,0,0,0,0,0,0,0,0,0,0,0,0,5,0,0,0,0,0,0,0,1,0,0,0,0,0,0,0,0,0,0,0,0,0,0,0,3,0,0,0,0,0,0,0,0,0,0,0,0,0,0,0,0,0,0,1,0,0,0,0,0,0,0,0,0,0,0,0,0,0,0,0,0,0,0,0,0,0,0,0,0,0,0,0,0,0,0,0,8217,0,0,0,0,0,0,0,0,0,0,0,0,0,0,0,0,0,0,0,0,0,0,0,0,0,0,0,0,0
5,ITS1POST60105,0,0,0,0,0,0,0,0,0,0,0,0,1,0,0,0,0,0,0,0,0,96,0,0,0,0,0,0,0,0,0,0,0,0,0,0,0,0,0,29,0,0,0,0,0,0,1,0,0,0,0,7986,0,0,0,0,0,0,0,0,0,0,0,0,1,0,0,0,0,0,0,0,0,0,0,0,0,0,0,0,0,1,0,0,0,0,0,0,0,0,0,0,0,0,0,0,0,0,0,0,0,7,0,0,0,0,0,0,0,0,0,0,0,0,0,0,0,0,2,0,12,0,0,0,0,0,0,0,1,5,0,0,0,0,0,0,3,0,0,0,0,0,0,0,0,0,0,0,0,0,0,0,0,0,0,0,0,0,0,0,0,0,0,0,0,0,0,0,0,0,0,0,0,0,0,0,2,0,0,0,0,0,0,0,0,0,0,0,0,2,0,1,0,0,0,0,0,0,0,0,1,0,0,67,0,0,0,17,1,0,4,0,1,0,0,0,8,0,0,0,0,0,0,0,0,6,0,0,0,0,0,0,61,0,0,0,1,0,0,0,0,1,0,0,0,0,0,0,0,0,0,0,0,0,27,0,0,0,0,0,0,0,0,0,3,0,0,0,0,0,0,0,0,0,0,0,0,0,0,0,0,0,0,0,0,2,0,0,0,0,0,0,0,0,0,0,0,0,0,0,0,0,0,0,75,0,0,0,0,0,2,0,0,0,0,0,0,0,0,10,30,0,0,0,4,0,0,0,0,0,2,0,0,0,1,0,0,0,0,0,0,0,136,0,0,0,0,0,0,0,14,0,0,0,0,0,0,3,0,2,0,0,0,0,0,5,0,0,0,0,0,0,0,0,0,0,0,0,0,0,0,0,0,0,0,0,0,0,0,0,6,0,0,0,0,1088,0,0,0,0,0,0,2,6,0,0,0,0,0,0,0,0,0,0,0,0,0,0,0,0,0,0,0,0,3,0,0,0,1,0,0,0,0,0,0,0,0,0,0,0,0,0,0,0,0,0,0,0,0,8,0,0,0,0,0,0,0,0,0,0,0,0,0,0,0,0,0,0,0,0,0,0,0,0,1,0,0,3,119,0,0,2,0,0,0,1,0,0,0,0,0,0,0,0,0,0,0,0,0,0,0,0,0,0,0,0,0,0,0,0,0,0,0,0,0,0,0,0,0,0,0,52,2,0,0,0,0,0,0,0,0,0,0,0,0,0,0,0,0,0,7,0,0,0,0,0,0,0,0,0,0,0,0,0,0,0,0,0,0,0,0,0,0,0,0,0,0,0,0,0,0,0,0,0,1,0,0,0,0,0,0,0,3,5,0,0,0,0,0,0,0,0,0,0,0,0,0,2145,0,0,0,0,0,0,0,0,0,0,0,0,0,0,0,0,0,0,0,0,0,0,0,0,0,0,0,0,0
6,ITS1POST60106,0,0,0,0,0,0,3,2,13,0,0,0,0,0,0,0,0,0,0,0,0,289,0,0,0,0,0,0,0,0,0,0,0,0,0,0,0,0,0,2,0,0,0,0,0,1,4,0,0,0,0,2193,0,0,2,0,0,0,0,0,0,0,0,0,0,0,0,0,0,0,0,0,0,0,0,0,0,0,0,0,0,0,0,0,0,0,0,0,0,0,0,0,0,0,0,1,0,0,0,0,0,59,0,0,0,7,0,20,0,0,0,0,0,0,0,0,0,0,1,0,3,0,5,0,0,1,0,0,3,4,0,0,0,0,0,0,2,0,0,0,0,0,0,1,0,0,3,0,0,0,0,0,0,0,0,0,1,0,0,1,0,0,0,0,0,0,0,0,0,0,0,0,0,0,0,0,0,0,0,0,0,0,0,0,0,0,0,2,0,10,0,0,0,0,0,0,0,0,0,0,0,0,0,55,0,0,0,26,3,5,26,0,0,0,0,1,1,0,0,0,0,0,0,0,0,0,0,0,1,0,0,0,0,0,0,0,7,0,0,0,0,0,0,0,0,0,0,3,0,0,0,0,0,7,29,0,0,0,1,0,0,2,0,0,619,0,0,0,0,0,0,0,0,0,0,0,0,0,0,0,0,0,0,0,0,2,0,0,2,0,0,0,0,0,16,0,0,0,0,0,0,0,0,0,16,4,0,0,2,4,128,0,0,4,2,0,0,0,0,2,3,0,0,0,11,0,0,0,0,0,17,0,0,0,0,0,0,0,0,0,0,8,403,0,0,0,7,0,0,0,0,0,0,0,0,0,0,0,0,2,0,0,0,0,0,1,0,0,0,0,0,0,0,0,0,0,0,0,0,0,0,0,0,0,6,0,0,0,0,0,5,0,3,4,0,1560,0,0,0,0,0,0,2,0,0,0,0,0,0,0,0,0,0,0,0,0,0,10,0,1,0,0,0,0,4,0,0,0,0,0,0,0,0,1,0,0,0,0,0,0,0,2,0,0,0,0,0,0,0,1,0,1,0,0,1,0,0,0,0,1,2,14,0,0,0,0,0,0,0,0,0,0,0,0,4,0,0,0,527,0,0,16,0,0,0,0,0,0,84,0,1,0,0,0,0,0,0,0,0,0,0,0,0,0,0,0,0,0,3,0,0,0,0,0,0,0,0,0,0,0,0,4499,1,0,0,0,0,0,0,0,0,0,0,0,0,0,0,0,0,0,41,0,0,0,0,0,0,0,0,0,0,0,0,0,0,0,0,0,0,3,0,0,0,0,1,0,0,0,0,0,0,0,0,1,7,0,0,0,0,0,0,2,18,23,0,0,0,0,0,0,0,0,0,2,3,1,0,1178,0,0,0,0,1,0,0,0,0,0,0,0,0,0,0,0,0,0,0,0,0,2,0,0,0,0,0,0,0
7,ITS1POST60107,0,0,0,0,0,0,0,0,0,0,0,0,0,0,0,0,0,0,0,0,0,0,0,0,0,0,0,0,0,0,0,0,0,0,0,0,0,0,0,0,0,0,0,0,0,0,0,0,0,0,0,29,0,0,0,0,0,0,0,0,0,0,0,0,0,0,0,0,0,0,0,0,0,0,0,0,0,0,0,0,0,0,0,0,0,0,0,0,0,0,0,0,0,0,0,0,0,0,0,0,0,2,0,0,0,1,0,0,0,0,0,0,0,0,0,0,0,0,3,0,0,0,0,0,0,0,0,0,0,0,0,0,0,0,0,0,0,0,0,0,0,0,0,0,0,0,0,0,0,0,0,0,0,0,0,0,0,0,0,0,0,0,0,0,0,0,0,0,0,0,0,0,0,0,0,0,0,0,0,0,0,0,0,0,0,0,0,1,0,0,0,0,0,0,0,0,0,0,0,0,0,0,0,159,0,0,0,0,0,0,0,0,0,0,0,0,0,0,0,0,0,0,0,0,0,0,0,0,0,0,0,0,146,0,0,0,1,0,0,0,0,0,0,0,0,0,0,0,0,0,0,0,0,0,0,0,0,0,0,0,0,0,0,0,5,0,0,0,0,0,0,0,0,0,0,0,0,0,0,0,0,0,0,0,0,0,0,0,0,0,0,0,0,0,0,0,0,0,0,0,0,0,0,0,0,0,0,0,0,0,0,0,0,0,0,0,0,0,0,0,0,0,0,0,0,0,0,0,0,0,0,0,0,0,0,0,0,0,0,0,0,0,5,0,0,0,0,0,0,0,0,0,0,0,0,0,0,0,0,0,0,0,0,0,0,0,0,0,0,0,0,0,0,0,0,0,0,0,0,0,0,0,0,0,0,0,0,0,0,0,0,0,0,0,1,5544,0,0,0,0,0,0,0,0,0,0,0,0,0,0,0,0,0,0,0,0,0,0,0,0,0,0,0,0,0,0,0,0,0,0,0,0,0,0,0,0,0,0,0,0,0,0,0,0,0,0,0,0,0,0,0,0,0,0,0,0,0,0,0,0,0,0,0,0,0,0,0,0,0,0,0,0,0,0,0,0,0,1,0,0,0,1,0,0,0,0,0,0,0,0,0,0,0,0,0,0,0,0,0,0,0,0,0,0,0,0,0,1,0,0,0,0,0,0,0,0,0,0,0,0,0,1,0,0,0,0,0,0,0,0,0,0,0,0,0,0,0,0,0,0,0,0,0,0,0,0,0,0,0,0,0,0,0,0,0,0,0,0,0,0,1,0,1,0,0,0,0,0,0,0,0,0,0,0,0,0,0,0,0,0,0,0,0,0,0,0,0,0,0,0,0,0,0,0,0,0,0,6186,0,0,0,0,0,0,0,0,0,0,0,0,0,0,0,0,0,0,0,0,0,0,0,0,0,0,0,0,0
8,ITS1POST60108,0,0,1,0,0,0,0,0,0,0,0,0,0,0,0,0,0,0,0,0,0,1,0,0,0,0,0,0,0,0,0,0,0,0,0,0,0,0,0,0,0,0,0,0,0,0,0,0,0,0,0,7924,0,0,0,0,0,0,0,0,0,0,0,0,5,0,0,0,0,0,0,0,0,0,0,0,0,0,0,0,0,0,0,0,0,0,0,0,0,0,0,0,0,0,0,0,0,0,0,0,0,0,0,0,0,5,0,0,0,0,0,0,0,0,0,0,0,0,0,0,8,0,0,0,0,0,0,0,0,0,0,0,0,0,0,0,0,0,0,0,0,0,0,0,0,0,0,0,0,0,0,0,0,0,0,0,0,0,0,0,0,0,0,0,0,0,0,0,0,0,0,0,0,0,0,0,0,0,0,0,0,0,0,0,0,0,0,0,0,0,0,0,0,0,0,0,0,0,0,0,0,0,0,131,0,0,0,0,3,0,4,0,0,0,0,0,16,0,0,0,0,0,0,0,0,0,0,0,0,0,0,0,0,0,0,0,0,0,0,0,0,0,0,0,0,0,0,0,0,0,0,0,0,0,0,0,0,0,0,0,0,0,0,0,4,0,0,0,0,0,0,1,0,0,0,0,0,0,2,0,0,0,0,0,0,0,0,0,0,0,0,0,0,0,0,0,0,0,0,2,0,0,1,0,16,0,0,0,0,0,0,0,0,0,0,0,0,0,7,0,0,0,0,0,10,0,0,0,0,0,2,0,0,0,0,0,0,0,0,0,0,0,427,0,0,0,0,0,0,0,0,0,0,0,2,0,0,0,0,0,0,0,0,0,0,3,0,0,0,2,0,0,0,0,0,0,0,0,0,0,0,0,0,0,0,0,0,0,0,0,0,0,0,0,0,2120,0,0,0,0,0,0,1,0,0,0,0,0,0,0,0,0,0,0,0,0,0,0,0,0,0,0,0,0,0,0,0,0,0,0,0,0,0,0,0,0,0,0,0,0,0,4,0,0,0,0,0,0,0,0,0,0,0,0,0,0,0,0,0,0,0,0,0,0,0,0,0,0,0,0,0,0,0,0,0,0,0,0,2,0,0,0,0,0,0,1,0,0,0,0,0,0,0,0,0,0,0,0,0,0,0,0,0,0,0,0,0,0,3,0,0,0,0,0,0,0,0,0,0,0,0,0,15,0,0,0,0,0,0,0,0,0,0,0,0,0,0,0,0,0,0,3,0,0,0,0,0,0,0,0,0,0,0,0,0,0,0,0,0,0,0,0,0,0,0,0,0,0,0,0,0,0,0,0,0,0,0,0,0,0,0,0,0,15,0,0,0,0,0,0,0,0,0,0,0,0,0,1348,0,0,0,0,0,0,0,0,0,0,0,0,0,0,0,0,0,0,0,0,0,0,0,0,0,0,0,0,0
9,ITS1POST60109,0,4,3,0,0,0,0,1,1,0,0,0,46,0,0,0,0,0,0,0,0,703,0,0,0,0,0,0,2,1,2,5,0,0,0,0,0,0,0,1,0,0,0,3,0,0,4,0,0,0,0,1223,0,0,1,0,0,0,0,0,0,0,0,0,3,0,0,0,0,0,0,1,0,0,0,0,0,0,0,0,0,0,0,2,0,0,0,0,0,4,0,0,0,0,0,5,0,0,0,0,0,6,0,2,0,10,0,0,0,0,0,0,0,0,0,0,0,1,0,0,3,0,447,0,0,102,0,0,0,9,0,0,0,0,0,0,23,1,0,0,0,0,1,0,0,0,7,0,0,0,0,0,0,0,0,0,0,0,0,0,0,0,0,0,1,0,0,0,1,0,0,0,0,0,0,0,0,3,0,0,0,6,37,0,0,0,0,0,0,12,0,10,0,0,14,0,0,3,0,0,2,0,0,106,0,0,0,26,5,5,51,0,0,0,0,0,16,0,0,0,0,0,0,0,0,0,0,0,0,0,0,0,15,0,0,0,1,0,0,0,0,0,0,0,6,0,0,1,0,0,0,0,0,2,61,0,0,0,0,0,3,0,0,0,22,2,0,0,1,0,0,0,0,0,5,0,0,0,1,0,6,0,1,0,0,0,1,0,0,2,0,0,0,0,0,0,0,0,0,0,0,0,28,0,1,3,0,12,2,0,3,1,0,0,47,0,0,123,0,0,5,3,0,1,22,0,0,0,0,0,19,0,0,0,0,0,0,0,0,0,0,0,396,3,0,0,1,12,0,0,1,0,0,0,31,0,0,3,0,1,0,0,0,0,3,8,0,0,0,9,0,0,0,0,0,1,0,7,1,0,0,0,0,0,1,0,0,1,0,0,0,0,0,2,11,1228,0,0,0,0,0,0,9,1,0,0,1,4,0,0,0,1,0,0,1,2,0,15,0,0,0,0,0,1,0,0,0,0,0,0,0,0,0,0,0,0,0,0,0,0,0,3,0,0,0,0,6,0,0,0,0,0,0,0,39,0,0,0,0,4,0,0,0,0,0,0,4,0,0,0,0,0,0,0,0,0,1,2,1921,0,0,9,0,0,7,4,0,0,0,0,0,0,0,0,0,0,0,0,0,0,0,0,0,0,0,0,0,1,17,0,0,0,0,0,0,0,9,0,0,0,0,12,7,0,0,0,0,0,0,0,0,0,0,15,0,0,0,0,0,3,61,3,1,0,0,0,7,0,0,0,0,0,0,0,0,0,0,0,0,0,0,0,3,2,0,0,0,0,0,0,1,0,0,0,2,0,2,0,0,0,0,0,29,124,0,0,0,0,0,1,0,1,0,0,4,0,0,4677,0,0,0,0,0,0,0,0,4,0,0,0,0,0,7,0,0,0,0,4,0,6,0,0,6,0,0,0,0
10,ITS1POST60110,0,0,0,0,0,0,0,0,1,0,0,0,0,0,0,0,0,0,0,0,0,683,0,0,0,0,0,0,0,0,0,0,0,0,0,0,0,0,0,0,0,0,0,0,0,0,0,0,0,0,0,4817,0,0,0,0,0,0,0,0,0,0,0,0,0,0,0,0,0,0,0,0,0,0,0,0,0,0,0,0,0,7,0,0,0,0,0,0,0,0,0,0,0,0,0,0,0,0,0,0,0,94,0,0,0,0,0,0,0,0,0,0,0,0,0,0,0,0,1,0,9,0,0,0,0,1,0,0,0,0,0,0,0,0,0,0,0,0,0,0,0,0,0,0,0,0,0,0,0,0,0,0,0,0,0,0,0,0,0,0,0,0,0,0,0,0,0,0,0,0,0,0,0,0,0,0,0,0,0,0,0,0,0,0,0,7,0,0,0,0,0,0,0,0,1,0,0,0,0,0,0,0,0,5,0,0,0,0,0,0,0,0,0,0,0,1,38,0,0,0,0,0,0,0,0,0,0,0,0,0,0,0,1,0,0,0,1,0,0,0,0,0,0,0,0,0,0,0,0,0,0,0,0,0,5,0,0,0,0,0,0,0,0,0,3,0,0,0,1,0,0,0,0,0,0,0,0,0,0,0,0,0,0,0,0,1,0,0,0,0,0,0,0,0,1,0,0,0,0,12,0,0,0,0,0,0,0,0,0,0,0,0,0,0,0,0,0,0,0,0,32,0,0,1,0,0,0,0,0,0,0,0,0,0,0,0,0,0,0,0,0,5,19,0,0,0,0,0,0,0,1,0,0,0,0,0,0,0,0,0,0,0,0,0,0,0,0,0,0,2,1,0,0,0,0,0,0,0,0,0,0,0,0,0,0,0,0,2,0,0,2,0,0,0,0,1080,0,0,0,0,0,0,0,0,0,0,0,0,0,0,0,0,0,0,0,0,0,0,0,0,0,0,0,0,0,0,0,0,0,0,0,0,0,0,0,0,0,0,0,0,0,0,0,0,0,0,0,0,0,0,0,0,0,0,0,0,0,0,0,0,0,0,0,0,0,0,0,0,0,0,0,0,0,0,0,0,0,0,229,0,0,1,0,0,0,10,0,0,0,0,0,0,0,0,0,0,0,0,0,0,1,0,0,0,0,0,0,1,1,0,0,0,0,0,0,0,0,0,0,0,0,1,0,0,0,0,0,0,0,0,0,0,0,0,0,0,0,0,0,0,0,0,0,0,0,0,0,0,0,0,0,0,0,0,0,0,0,0,0,0,0,0,0,0,1,0,0,0,0,0,0,0,0,0,0,0,0,0,0,0,0,0,0,0,0,0,0,0,0,0,0,0,0,0,0,0,0,5009,0,0,0,0,0,0,0,0,0,0,0,0,0,0,0,0,0,0,0,0,0,0,0,0,0,0,0,0,0
11,ITS1POST60111,0,0,0,0,0,0,0,0,0,0,0,0,0,0,0,0,0,0,0,0,0,0,0,0,0,0,0,0,0,0,0,0,0,0,0,0,0,0,0,0,0,0,0,0,0,0,0,0,0,0,0,8685,0,0,0,0,0,0,0,0,0,0,0,0,0,0,0,0,0,0,0,0,0,0,0,0,0,0,0,0,0,0,0,1,0,0,0,0,0,0,0,0,0,0,0,0,0,0,0,0,0,0,0,2,0,2,0,0,0,0,0,0,0,0,0,0,0,0,0,0,0,0,2,0,0,0,0,0,0,0,0,0,0,0,0,0,0,0,0,0,0,0,0,0,0,0,1,0,0,0,0,0,0,0,0,0,0,0,0,0,0,0,0,0,0,0,0,0,0,0,0,0,0,0,0,0,0,0,0,0,0,0,0,0,0,0,0,0,0,0,0,0,0,0,4,0,0,0,0,0,0,0,0,44,0,0,0,0,0,0,0,0,0,0,0,0,18,0,0,0,0,0,0,0,0,0,0,0,0,3,0,0,0,0,0,0,3,0,0,0,0,0,0,0,0,0,0,0,0,0,0,0,0,0,0,0,0,0,0,0,0,0,0,0,0,0,0,0,1,0,0,0,0,0,0,0,0,0,0,0,0,0,0,0,0,2,0,0,0,0,0,0,0,0,0,0,0,0,0,0,0,0,0,0,16,0,0,0,0,0,0,0,0,0,0,0,0,2,0,0,294,0,0,0,0,0,0,0,0,0,0,0,0,0,0,0,0,0,0,0,0,0,89,0,0,0,0,0,0,0,0,0,0,0,0,0,0,0,0,1,0,0,0,0,0,0,0,0,0,2,0,0,0,0,0,0,0,0,0,0,0,0,0,0,0,0,0,0,0,0,0,0,0,0,0,1993,0,0,0,0,0,0,0,0,0,0,0,0,0,0,0,0,0,0,0,0,0,0,0,0,0,0,0,0,0,0,0,0,0,0,0,0,0,0,0,0,0,0,0,0,0,0,0,0,0,0,0,0,0,0,0,0,0,0,0,0,0,0,0,0,0,0,0,0,0,0,0,0,0,0,0,0,0,0,0,0,0,0,3,0,0,0,0,0,0,0,0,0,0,0,0,0,0,0,0,0,0,0,0,0,0,0,0,0,0,0,0,0,0,0,0,0,0,0,0,0,0,0,0,0,0,13,0,0,0,0,0,0,0,0,0,0,0,0,0,0,0,0,0,0,0,0,0,0,0,0,0,0,0,0,0,0,0,0,0,0,0,0,0,0,0,0,0,0,0,0,0,0,0,0,0,0,0,0,0,0,0,0,0,0,0,0,0,0,0,0,0,0,0,0,0,0,0,0,0,0,0,908,0,0,0,0,0,0,0,0,0,0,0,0,0,0,0,0,0,0,0,0,0,0,0,0,0,0,0,0,0
12,ITS1POST60112,0,0,0,0,0,0,0,0,0,0,0,0,0,0,0,2,0,0,0,0,0,0,0,0,0,0,0,0,0,0,0,0,3,0,1,0,0,1,0,0,0,0,0,0,0,0,0,0,0,0,0,6394,0,0,0,0,0,0,0,0,0,0,0,0,0,0,0,0,0,0,0,0,0,0,0,0,0,0,0,0,0,0,0,0,0,0,0,0,0,0,0,0,0,0,0,0,0,0,0,0,0,0,0,1,0,15,0,0,0,0,0,0,0,0,0,0,0,0,0,0,0,0,0,0,1,0,0,0,0,0,0,0,0,0,0,0,0,0,0,0,0,0,0,0,0,0,0,0,0,0,0,0,0,0,0,0,0,0,1,0,0,0,0,0,0,0,0,0,0,0,0,0,0,0,0,0,0,0,0,0,0,0,0,0,0,0,0,1,0,1,0,0,0,0,0,0,0,0,0,0,0,0,0,65,0,0,0,6,0,0,4,0,0,0,0,0,1,0,0,0,0,0,0,0,0,0,0,0,0,0,0,0,0,0,0,0,1,0,0,0,0,0,0,0,0,0,0,0,0,0,0,0,0,0,0,0,0,0,0,0,0,0,0,0,3,0,0,0,0,0,0,0,0,0,0,0,0,0,0,0,0,0,2,0,0,1,0,0,0,0,0,0,0,0,0,0,0,0,0,0,0,0,0,0,2,2,0,3,0,0,0,0,0,0,7,0,0,11,0,2,221,7,0,0,0,0,0,0,0,0,0,0,0,0,0,0,0,0,0,0,0,0,284,0,0,0,0,0,0,0,0,0,0,0,3,0,0,0,0,0,0,0,0,0,0,0,0,0,0,15,0,0,0,0,0,0,0,0,0,0,0,0,0,0,0,0,0,0,0,1,0,0,0,0,0,10,0,0,0,0,0,0,0,0,0,0,0,0,0,0,0,0,0,0,0,0,0,0,0,0,0,0,0,1,0,0,0,0,0,0,0,0,0,0,0,0,0,0,0,0,0,0,0,0,0,0,0,0,0,0,0,0,0,10,4,0,0,0,0,0,0,0,0,0,0,0,0,0,0,0,0,0,0,0,0,0,0,4,0,0,0,10,0,0,0,0,0,0,0,0,0,0,0,0,0,0,0,0,0,0,0,0,0,0,0,0,0,0,0,0,0,0,0,0,0,0,0,0,0,0,0,1,1,0,0,0,0,0,0,0,0,0,0,0,0,0,0,0,0,0,0,0,0,0,0,0,0,0,0,0,0,0,0,0,0,0,0,0,0,0,0,0,0,0,0,0,0,0,0,0,0,0,0,0,8,0,0,0,0,0,0,0,0,0,0,0,0,0,0,0,0,0,0,0,0,0,0,4974,0,0,0,0,0,0,0,0,0,0,0,0,0,0,0,4,0,0,0,0,0,0,0,0,0,0,0,0,0
13,ITS1POST60301,0,0,0,0,0,0,0,0,1,0,0,0,0,0,0,0,0,0,0,0,0,4,0,0,0,0,0,0,0,0,0,0,0,0,0,0,0,0,0,2,0,0,0,0,0,0,0,0,0,0,0,550,0,0,0,0,0,0,0,0,0,0,0,0,0,0,0,0,6,0,0,0,0,0,0,0,0,0,0,0,0,0,0,0,0,0,0,0,0,0,0,0,0,0,0,0,0,0,0,0,0,0,0,0,0,0,0,0,0,0,0,0,0,0,0,0,0,0,2,0,6,0,2,0,0,1,0,0,0,0,0,0,0,0,0,0,0,0,0,0,0,0,0,0,0,0,2,0,0,0,0,0,0,0,0,0,0,0,1,0,0,0,0,0,0,0,0,0,0,0,0,0,0,0,0,0,0,0,0,0,0,0,0,0,0,0,0,2,0,13,0,0,0,0,3,0,0,27,0,0,0,0,0,299,0,0,0,0,0,0,0,0,0,0,0,0,108,0,0,0,0,0,0,0,0,0,0,0,0,0,0,0,0,0,0,0,0,0,0,0,0,0,0,0,0,0,0,0,0,0,0,0,0,0,15,0,0,0,0,0,0,0,0,0,19,0,0,0,0,0,0,0,0,0,0,0,0,0,0,0,7,0,0,0,0,4,0,0,0,0,0,0,0,0,0,0,0,0,0,0,0,0,0,0,0,0,0,0,0,0,0,0,0,0,0,0,0,0,0,0,0,0,0,1,0,0,0,0,0,0,0,0,0,0,0,0,0,0,0,0,0,0,119,0,0,0,3,0,0,0,1,0,0,0,0,0,0,0,0,0,0,0,0,0,0,0,0,0,0,0,0,0,0,0,0,0,0,0,0,0,0,0,0,0,0,0,0,1,0,0,1,0,0,0,0,914,0,0,0,0,0,0,0,0,0,0,0,0,0,0,0,0,0,0,0,0,0,0,0,0,0,0,0,0,3,0,0,0,0,0,0,0,0,0,0,0,0,0,0,0,0,0,0,0,0,0,0,0,0,0,0,0,0,0,0,0,0,0,0,0,0,0,0,0,0,0,0,0,0,0,0,0,3,0,0,0,0,0,2739,0,0,20,0,0,0,0,0,0,0,0,0,0,0,0,0,0,0,0,0,0,0,0,0,0,0,0,0,0,0,0,0,0,0,0,0,0,0,0,0,0,0,4921,0,0,0,0,0,0,0,0,0,0,0,0,0,0,0,0,0,0,0,0,0,0,0,0,0,0,0,0,0,0,0,0,0,0,0,0,0,0,0,1,0,0,0,0,0,0,0,0,0,0,0,0,0,0,0,0,0,0,0,0,0,7,0,0,0,0,0,0,0,0,0,4,0,1,0,2276,0,0,0,0,0,0,0,0,0,0,0,0,0,0,0,0,0,0,0,0,0,0,0,0,0,0,0,0,0
14,ITS1POST60302,0,0,0,0,0,0,0,0,0,0,0,0,0,0,0,0,0,0,0,0,0,1,0,0,0,0,0,0,0,0,0,3,0,0,0,0,0,0,0,0,0,0,0,0,0,0,0,0,0,0,0,4,0,0,0,0,0,0,0,0,0,0,0,0,0,0,0,0,0,0,0,5,0,0,0,0,0,0,0,0,0,0,0,0,0,0,0,0,0,19,0,0,0,14,0,0,0,0,0,0,0,0,0,0,0,53,0,0,0,0,0,0,0,0,0,0,0,0,42,0,15,22,0,0,0,14,0,0,0,45,0,0,0,0,0,0,0,0,0,0,0,0,0,0,0,0,0,0,0,0,0,10,0,0,0,0,0,0,1,0,0,0,0,0,0,0,0,0,0,0,0,0,0,0,0,0,0,0,0,0,0,0,0,0,0,2,0,1,0,0,0,0,0,0,92,0,0,0,0,0,0,0,0,680,0,0,0,20,5,0,0,0,256,234,0,11,0,0,0,0,0,0,0,0,0,0,0,0,0,0,0,0,0,0,0,0,2,0,0,0,0,12,0,0,0,0,0,0,0,0,30,0,0,0,149,0,0,0,0,0,0,0,0,0,2745,0,0,22,0,0,0,0,0,0,0,0,0,0,0,0,0,0,24,0,0,4,0,0,0,0,0,0,0,0,0,0,0,0,0,0,0,0,0,0,8,0,0,0,0,0,0,0,0,0,0,0,0,21,0,0,1,0,0,2,71,0,0,0,0,0,22,0,0,0,0,0,0,0,0,0,0,0,823,0,0,0,0,0,0,0,0,0,0,0,0,0,0,0,0,0,0,0,0,0,0,0,0,0,0,0,0,0,0,0,0,9,0,0,0,0,0,0,0,0,0,0,0,1,0,0,0,0,0,0,2,373,0,0,0,0,0,6,0,0,0,0,8,0,0,0,0,0,0,0,0,0,0,33,0,0,0,0,0,0,0,0,0,0,0,0,0,0,0,0,0,0,0,0,0,4,0,0,0,0,0,0,163,0,0,42,0,1,0,0,0,0,0,0,0,0,0,0,0,0,0,0,0,0,9,0,0,0,0,0,0,0,0,0,10,0,0,154,0,0,0,0,0,0,0,0,0,0,0,0,0,0,0,15,0,0,0,0,0,0,0,0,0,0,14,0,0,0,0,0,0,0,0,0,0,0,0,1191,0,0,0,0,0,0,0,0,0,0,0,0,0,0,0,0,0,0,178,0,0,0,0,0,0,0,0,0,0,0,4,0,0,0,0,0,0,1,0,0,0,0,0,0,55,0,0,0,0,0,0,0,495,0,0,0,0,0,0,0,0,26,0,13,398,0,0,0,0,0,0,0,0,0,0,3399,0,0,0,0,0,0,0,0,0,0,0,0,0,0,0,0,0,0,0,0,0,0,0,0,0,0,0,0,0
15,ITS1POST60304,0,0,0,0,0,0,0,0,0,0,0,0,0,0,0,0,0,0,0,0,0,17,0,0,0,0,0,0,0,0,0,0,0,0,0,0,0,0,0,2,0,0,0,0,0,0,0,0,0,0,0,508,4,0,0,0,0,0,0,0,0,0,0,0,0,0,0,0,0,0,0,0,0,0,0,0,0,0,0,0,0,0,0,0,0,0,0,0,0,0,0,0,0,0,0,0,0,0,0,0,0,0,0,0,0,0,0,0,0,0,0,0,0,0,0,0,0,0,1,0,0,0,0,0,0,0,0,0,0,0,0,0,0,0,0,0,0,0,0,0,0,0,0,0,0,0,0,0,0,0,0,0,0,0,0,0,0,0,0,0,0,0,0,0,0,0,0,0,0,0,0,0,0,0,0,0,0,0,0,0,0,0,0,0,0,5,0,0,0,0,0,0,0,0,0,0,0,0,0,0,0,0,0,196,0,0,0,0,0,2,0,0,0,0,0,0,29,0,0,0,0,0,0,0,0,0,0,0,0,0,0,0,0,0,0,0,3,0,0,0,0,0,0,0,0,0,0,0,0,0,0,0,0,0,0,0,0,0,0,0,0,0,0,0,3,0,0,0,1,0,0,0,0,0,0,0,0,0,0,0,0,0,0,0,0,1,0,0,0,0,0,0,0,0,0,0,0,0,0,0,0,0,0,0,0,0,0,0,0,0,0,0,0,0,0,0,0,0,0,0,0,0,0,0,1,0,0,0,0,0,0,0,0,0,0,0,0,0,0,0,0,0,13,0,0,0,0,0,0,0,0,0,0,0,0,0,0,0,0,0,0,0,0,0,0,0,0,0,0,0,0,0,0,0,0,0,0,0,0,0,0,0,0,0,0,0,0,1,0,0,3,0,0,0,0,1050,0,0,0,0,2,0,0,0,0,0,0,0,0,0,0,0,0,0,0,0,0,0,0,0,0,0,0,0,0,0,0,0,0,0,0,0,0,0,0,0,0,0,0,0,0,0,0,0,0,0,0,0,0,0,0,0,0,0,0,0,0,0,0,0,0,0,0,0,0,0,1,0,0,0,0,0,0,0,0,0,0,0,4377,0,0,0,0,0,0,0,0,0,0,0,0,0,0,0,0,0,0,0,0,0,0,0,0,0,0,0,0,0,0,0,0,0,0,0,0,0,0,0,0,0,0,5537,1,0,0,0,0,0,0,0,0,0,0,0,0,0,0,0,0,0,0,0,0,0,0,0,0,0,0,0,0,0,0,0,0,0,0,0,0,0,0,0,0,0,0,0,0,0,0,0,0,0,0,0,0,0,0,0,0,0,0,0,0,0,0,0,0,0,0,0,0,0,0,0,0,0,0,331,0,0,0,0,0,0,0,0,0,0,0,0,0,0,0,0,0,0,0,0,0,0,0,0,0,0,0,0,0
16,ITS1POST60305,0,0,0,0,0,0,0,0,0,0,0,0,272,0,0,0,0,0,0,0,0,0,0,0,0,0,0,0,0,0,0,0,0,0,0,0,0,0,0,2,0,0,0,14,0,0,0,0,0,0,0,34,13,0,0,0,0,0,0,0,0,0,0,0,0,0,0,0,0,0,0,0,0,0,0,0,0,0,0,0,0,0,0,0,0,0,0,0,30,0,0,0,0,0,0,0,0,0,0,0,0,5,0,0,0,0,0,0,1,0,0,0,0,0,0,0,0,0,14,0,25,0,0,0,0,0,0,0,0,0,0,0,0,0,0,0,9,0,0,0,0,0,0,0,0,0,0,0,0,0,0,0,0,0,0,0,0,0,0,0,0,0,0,0,0,0,0,0,0,0,0,0,0,0,0,0,0,0,0,0,0,0,0,0,0,0,0,1,0,0,0,72,0,0,0,0,0,49,0,0,0,0,0,1190,0,0,0,0,0,0,0,0,0,0,0,0,0,0,0,0,0,0,0,0,0,0,0,0,0,0,0,0,0,0,0,0,2,0,0,0,0,0,0,0,0,0,0,0,0,0,0,0,0,0,1,0,0,0,0,0,0,0,0,0,3,0,0,0,0,0,0,0,0,0,0,0,0,0,0,0,0,0,0,0,0,0,0,0,0,0,0,0,0,0,0,0,0,0,0,0,0,0,0,0,0,0,0,0,0,0,0,0,0,0,0,0,0,0,0,0,992,0,0,0,0,0,0,0,0,0,0,0,0,0,0,0,0,0,0,0,0,0,19,0,2,0,0,0,5,0,17,0,0,0,127,0,0,0,0,0,0,0,0,0,0,0,0,0,9,19,0,0,0,0,0,0,0,0,0,0,0,0,0,0,0,0,0,0,15,0,48,0,0,0,0,2384,0,0,0,0,0,0,0,0,0,0,0,6,0,0,0,0,0,0,0,0,0,0,0,0,0,0,0,0,0,0,0,0,0,0,0,0,0,0,0,0,0,0,0,0,0,0,0,0,0,0,0,0,0,0,0,0,0,0,0,0,0,0,0,0,0,0,0,0,0,0,0,0,0,0,0,0,0,0,0,0,0,0,12,0,0,1,0,0,0,0,4,0,0,0,0,0,0,0,0,0,0,0,0,0,8,0,0,0,0,0,0,0,0,0,0,0,0,0,0,0,0,0,0,7,0,2,0,0,0,0,0,0,18,0,0,0,0,0,0,0,0,0,0,0,0,0,0,0,0,0,0,3,0,0,0,0,0,0,0,0,0,0,0,0,0,0,0,0,0,0,0,0,0,0,0,0,0,0,1,0,0,0,0,0,0,0,0,6,0,0,0,0,0,0,1,12,0,0,1,0,0,6604,0,0,0,0,0,0,0,26,0,0,0,0,0,0,0,0,3,0,0,0,0,0,0,0,0,0,0,0,0
17,ITS1POST60306,0,0,0,0,0,0,0,0,0,0,0,0,20,1,0,0,0,0,0,0,0,0,0,0,0,0,0,0,0,0,0,0,0,0,0,0,0,0,0,2,0,0,0,0,0,0,0,0,0,0,0,2877,0,0,0,0,0,0,0,0,0,0,0,0,0,0,0,0,0,0,0,0,0,0,0,0,0,0,0,0,0,0,0,0,0,0,0,0,0,0,0,0,0,0,0,0,0,0,0,0,0,0,0,0,0,0,0,0,0,0,0,0,0,0,0,0,0,0,1,0,0,0,0,0,3,0,0,0,0,0,0,0,0,0,0,0,0,0,0,0,0,0,0,0,0,0,0,0,0,0,0,0,0,0,0,0,0,0,0,0,0,0,0,0,0,0,0,0,0,0,0,0,0,0,0,0,0,0,0,0,0,0,1,11,0,0,0,0,0,1,0,0,0,0,0,0,0,0,0,0,0,0,0,1470,0,0,0,0,0,0,0,0,0,0,0,0,0,0,0,0,0,0,0,0,0,0,0,0,0,0,0,0,0,0,0,0,4,0,0,0,0,0,0,0,0,0,0,0,0,0,0,0,0,0,0,0,0,0,0,0,0,0,0,0,1,0,0,0,0,0,0,0,0,0,0,0,0,2,0,0,0,0,0,0,0,3,0,0,0,0,0,0,0,0,0,0,0,0,0,0,0,0,0,0,14,0,0,0,0,0,0,0,0,0,0,0,0,0,0,0,884,0,0,0,0,0,0,0,0,0,0,0,0,0,0,0,0,0,0,0,0,0,35,0,0,0,0,0,0,0,0,0,0,0,0,0,0,0,0,0,0,0,0,0,0,0,0,0,0,35,1,0,0,0,0,0,0,0,0,0,0,0,0,0,0,0,0,1,0,0,0,0,0,0,0,2447,0,0,0,0,0,0,0,0,0,0,0,0,0,0,0,0,0,0,0,0,0,0,0,0,0,0,0,0,0,0,0,0,0,0,0,0,0,0,0,0,0,0,0,0,0,0,0,0,0,0,0,0,0,0,0,0,0,0,0,0,0,0,0,0,0,0,0,0,0,0,0,0,0,0,0,0,0,0,0,0,0,0,1,0,0,0,0,0,0,0,0,0,0,0,0,0,0,0,0,0,0,0,0,0,0,0,0,0,0,0,0,0,0,0,0,0,0,0,0,0,0,0,0,0,0,11,0,0,0,0,0,0,0,0,0,0,0,0,0,0,0,0,0,0,1,0,0,0,0,0,0,0,0,0,0,0,0,0,0,0,0,0,0,0,0,0,0,0,0,0,0,0,0,0,0,0,0,0,3,0,0,0,0,0,0,0,0,34,0,0,0,0,0,0,0,0,0,0,0,0,0,4225,0,0,0,0,0,0,0,0,0,0,0,0,0,0,0,0,0,0,0,0,0,0,0,0,0,0,0,0,0
18,ITS1POST60307,0,0,0,0,0,0,0,0,0,0,0,0,0,0,0,0,0,0,0,0,0,17,0,0,0,0,0,0,0,0,0,0,0,0,0,0,0,0,0,1,0,0,0,0,0,0,0,0,0,0,0,3,0,0,0,0,0,0,0,0,0,0,0,0,0,0,0,0,0,0,0,30,0,0,0,0,0,0,0,0,0,3,0,0,0,0,0,1,0,0,0,0,0,0,0,0,0,0,0,1,0,0,0,0,0,0,0,0,0,0,0,0,0,0,0,0,0,1,3,0,2,0,1,0,1,0,0,0,0,0,0,0,1,0,0,0,0,0,0,0,0,0,0,0,0,0,0,0,0,0,0,0,0,0,0,0,0,0,0,0,0,0,0,0,0,0,0,0,0,0,0,0,0,0,0,0,0,0,0,0,0,0,0,0,0,0,0,1,0,0,0,0,0,0,0,0,0,0,0,0,0,0,0,98,0,0,0,0,0,0,1,0,0,0,0,0,0,0,0,0,0,0,1,0,0,0,0,0,0,0,0,0,7,0,0,0,2,0,0,0,0,0,0,0,0,0,0,0,0,0,0,0,0,0,1,0,0,0,0,0,0,0,0,0,4,0,0,0,0,0,0,0,0,0,0,0,0,0,0,0,0,0,0,0,0,16,0,0,0,1,0,0,0,0,0,0,0,0,0,0,0,0,0,0,0,0,0,0,0,0,0,0,0,0,0,0,0,0,0,0,89,0,0,1,0,0,0,0,0,0,0,0,0,0,0,0,0,0,0,0,0,0,9,0,0,0,1,0,0,0,0,0,0,0,0,0,0,0,0,0,0,0,0,0,0,0,0,0,0,0,0,0,0,0,0,0,0,0,0,0,0,0,0,0,0,0,2,2,0,0,4,0,0,0,0,3222,0,0,0,0,1,0,0,0,0,0,0,0,0,0,1,0,0,0,0,0,0,0,0,0,0,0,0,0,0,0,0,0,0,0,0,0,0,0,0,0,0,0,0,0,0,0,0,0,0,0,0,0,0,0,0,0,0,0,0,0,0,0,0,0,0,0,0,0,0,0,0,0,0,0,0,1,0,0,0,0,0,0,2,0,0,0,0,0,0,1,0,0,0,0,0,0,0,0,0,0,0,0,0,0,0,0,0,0,0,0,0,0,0,1,0,1,0,0,0,0,0,0,0,0,0,1,0,0,0,0,0,0,0,0,0,0,0,0,0,0,0,0,0,0,1,0,0,0,0,0,0,0,0,0,0,0,0,0,0,0,0,1,0,0,0,0,0,0,0,0,0,0,0,0,0,0,0,0,3,0,0,0,0,0,0,0,0,0,0,0,0,0,0,0,0,0,0,0,12,0,0,8536,0,0,0,0,0,0,0,0,0,0,0,0,0,0,0,0,0,0,0,0,0,0,0,0,0,0,0,0,0
19,ITS1POST60308,0,0,0,0,0,0,0,0,0,0,0,0,0,0,0,0,0,0,0,0,0,123,0,0,0,0,0,0,0,0,0,0,0,0,0,0,0,0,0,6,0,0,0,0,0,0,0,0,0,0,0,1821,0,0,0,0,0,0,0,0,0,0,0,0,0,0,0,0,0,0,0,0,0,0,0,0,0,0,0,0,0,0,0,1,0,0,0,0,0,0,0,0,0,0,0,0,0,0,0,0,0,0,0,1,0,0,0,0,0,0,0,0,0,0,0,0,0,0,3,0,0,0,0,0,0,1,0,0,0,0,0,0,0,0,0,74,0,0,0,0,0,0,0,0,0,0,0,0,0,0,0,0,0,0,0,0,0,0,0,0,0,0,0,0,1,0,0,0,0,0,0,0,0,0,0,0,0,0,0,0,0,0,0,0,0,0,0,0,0,8,0,0,0,0,0,0,0,0,0,0,0,0,0,90,0,0,0,0,0,0,0,0,1,0,0,0,1,0,0,0,0,0,0,0,0,0,0,0,0,0,0,0,0,0,0,0,2,0,0,0,0,0,1,0,0,0,0,0,0,0,0,0,0,0,0,0,0,0,0,0,0,0,0,0,2,0,0,0,0,0,0,0,0,0,0,0,0,0,0,0,0,0,0,0,0,3,0,0,0,1,0,0,0,0,0,0,0,0,0,0,0,0,0,0,0,0,0,0,0,0,0,0,0,0,0,0,0,0,0,0,5391,2,0,0,0,0,0,0,0,0,0,0,0,0,0,0,0,0,0,0,0,0,22,0,0,0,0,0,0,0,1,0,0,0,1,0,0,0,0,0,0,0,0,0,0,0,0,0,0,7,0,0,0,0,0,0,0,0,0,0,0,0,0,0,0,0,0,0,0,0,26,0,0,0,0,166,0,0,0,0,0,0,0,0,0,1,0,0,0,0,0,0,0,0,0,0,0,0,0,0,0,0,0,0,1,0,0,0,0,0,0,0,0,0,0,0,0,0,0,0,0,0,0,0,0,0,0,0,0,0,0,0,0,0,0,0,0,0,0,0,0,0,0,0,0,0,0,0,0,0,0,0,0,0,1,0,0,0,2,0,0,0,0,0,0,0,0,0,0,0,0,0,0,0,0,0,0,0,0,0,0,0,0,0,0,0,0,0,0,0,0,0,0,0,0,0,0,0,0,0,0,0,0,0,0,0,0,0,0,1,0,0,0,0,0,0,1,0,0,0,0,0,0,0,0,0,0,0,0,0,0,0,0,0,0,0,0,0,0,0,0,0,0,0,0,0,0,0,0,0,0,0,0,0,0,0,0,0,0,0,0,0,0,1,0,0,0,0,0,0,0,0,0,0,4,0,0,4317,0,0,0,0,0,0,0,0,0,0,0,0,0,0,0,4,0,0,0,0,0,0,0,0,0,0,0,0,0
20,ITS1POST60309,0,0,0,0,0,0,0,0,0,0,0,0,11,0,0,0,0,0,0,0,0,46,0,0,0,0,0,0,0,0,0,1,0,0,0,0,0,0,0,0,0,0,0,3,0,0,0,0,0,0,0,936,0,0,0,0,0,0,0,0,0,0,0,0,0,0,0,0,0,0,0,0,0,0,0,0,0,0,0,0,0,0,0,0,0,0,0,0,0,0,0,0,0,0,0,0,1,0,0,0,0,0,0,0,0,0,0,0,0,0,0,0,0,0,0,0,0,0,0,0,8,0,2,0,1,1,0,0,0,0,0,0,0,0,0,0,0,0,0,0,0,0,1,0,0,0,2,1,0,0,0,0,0,0,0,0,0,0,1,0,0,0,0,0,0,0,0,0,0,0,0,0,0,0,0,0,0,0,0,0,0,0,0,0,0,0,0,0,0,5,0,0,0,0,0,0,0,0,0,0,0,0,0,13,0,0,0,0,0,0,0,0,0,0,0,0,1092,0,0,0,0,0,0,0,0,1,0,0,0,0,0,0,19,0,0,0,2,0,0,0,0,0,0,0,0,0,0,0,0,0,0,0,0,0,0,0,0,0,0,0,0,0,0,0,117,0,0,0,0,0,0,0,0,0,0,0,0,0,0,0,0,0,0,0,1,1,0,0,0,0,0,0,0,0,0,0,0,0,0,0,0,0,0,0,1,0,0,0,0,0,0,0,0,0,0,0,0,0,0,0,54,2,0,0,0,0,0,0,0,0,1,0,0,0,0,0,0,0,0,0,0,22,38,0,0,0,0,4,0,0,0,0,0,0,13,0,0,0,0,0,0,0,0,0,0,0,0,0,0,0,0,0,0,0,0,0,0,0,0,0,0,0,0,0,0,0,73,1,1,0,1,0,0,0,0,144,0,0,0,0,0,0,0,0,0,0,0,0,0,0,0,0,0,0,0,0,0,2,0,0,0,0,0,1,1,0,0,0,0,0,0,0,0,0,0,0,0,0,0,0,0,0,0,0,0,0,0,0,0,0,0,0,0,0,1,0,0,0,0,0,0,0,0,0,0,0,0,0,0,0,0,0,0,0,0,0,0,0,0,0,0,0,0,0,0,0,0,0,0,0,0,0,0,0,0,0,0,0,0,0,0,0,0,0,0,0,0,0,0,0,0,0,0,0,0,0,0,0,0,3,0,2,0,0,0,0,0,0,0,0,0,0,0,0,0,0,0,0,0,0,0,0,0,0,0,0,0,0,0,0,0,0,0,0,0,0,0,0,0,1,0,0,0,0,2,0,0,0,0,0,0,2,0,0,1,0,0,0,0,0,0,0,0,1,0,0,0,0,0,0,0,0,0,0,0,0,0,9450,0,0,0,0,0,0,0,1,0,0,0,0,0,0,0,0,0,0,0,0,0,0,0,0,0,0,0,0,0
21,ITS1POST60310,0,0,0,0,0,0,0,0,0,0,0,0,0,0,0,0,0,0,0,0,0,1,0,0,0,0,0,0,0,0,0,0,0,0,0,0,0,0,0,21,0,0,0,0,0,0,1,0,0,4,0,134,0,2,0,0,0,0,0,0,0,0,0,0,0,0,0,0,0,0,0,0,0,0,0,0,0,0,0,0,0,0,0,0,0,0,0,0,0,0,0,0,0,0,13,0,0,0,0,0,0,0,0,0,0,0,0,0,0,0,0,0,0,0,0,0,0,0,14,0,23,0,10,0,0,2,0,0,0,0,0,0,0,0,0,0,0,0,0,0,0,0,0,0,0,0,0,0,0,0,0,0,0,0,0,0,0,0,0,0,0,0,0,0,0,0,0,0,0,0,0,0,0,0,0,0,4,0,0,0,0,0,0,0,0,0,0,0,0,6,0,0,0,0,1,0,0,0,0,0,0,0,0,16,0,0,0,1,0,0,0,0,0,0,0,0,0,0,0,0,0,0,0,0,0,0,0,0,0,0,0,0,0,0,0,0,0,0,0,0,0,0,0,0,0,0,0,0,0,0,0,0,0,0,26,0,0,0,0,0,0,0,2,0,0,0,0,0,0,0,0,0,0,0,0,0,0,0,0,0,0,0,13,0,0,0,0,0,0,0,0,0,0,0,0,0,0,0,0,4,0,0,0,0,0,0,1,0,0,0,2,0,0,0,1,0,0,0,0,0,4,0,0,0,0,0,0,0,0,3,5,0,0,0,0,0,0,0,0,0,0,0,355,0,0,0,0,0,0,0,1,0,0,0,3,0,0,0,0,1,0,0,0,0,0,0,0,0,0,0,0,0,0,0,0,4,0,10,0,0,0,0,0,0,0,0,0,0,0,0,210,0,0,0,0,6968,0,0,0,0,0,0,4,0,0,0,0,0,0,0,0,0,0,0,0,0,0,0,0,0,0,0,0,0,1,0,0,0,0,0,0,0,0,0,0,0,0,0,0,0,0,0,0,0,0,0,0,0,0,0,0,5,0,0,0,0,0,0,0,0,0,0,0,0,0,0,0,0,0,0,0,0,0,0,0,0,0,0,0,0,0,0,0,0,2,10,0,0,0,0,0,0,0,0,0,0,0,0,0,0,0,0,0,0,0,0,0,1,1,0,0,0,0,0,0,0,0,0,0,0,0,2362,0,0,0,0,0,0,0,0,0,0,0,0,0,0,5,0,0,0,54,0,0,0,0,0,0,0,0,0,0,0,0,0,0,0,0,0,0,0,0,0,0,0,0,0,0,0,0,0,0,0,0,0,1,0,0,0,0,0,6,0,0,22,0,0,0,0,3,0,0,0,0,2,5,0,0,1739,0,0,0,0,0,0,0,0,0,0,0,0,0,0,0,0,0,0,0,0,0,0,0,0,0,0,0,0,0
22,ITS1PRE60101,0,0,0,0,0,41,0,0,1,0,0,0,1,0,0,0,0,0,1,0,0,1,0,0,0,0,0,0,0,0,0,0,0,0,0,0,0,0,0,51,0,0,0,0,0,0,0,0,0,0,0,10,0,1,0,0,0,0,0,0,0,0,0,0,0,0,0,0,0,0,0,0,0,0,0,0,0,0,0,0,0,0,0,0,0,0,0,0,0,0,0,0,0,0,0,0,0,0,0,0,0,0,0,4,0,32,0,0,0,0,0,0,0,54,0,0,0,0,229,0,1,0,105,0,0,383,0,0,0,0,0,65,0,0,0,0,0,1,17,0,0,103,1,0,0,0,0,0,0,0,12,0,0,0,0,0,0,0,0,0,0,0,0,0,1,0,0,0,13,0,0,0,0,0,0,0,0,0,0,0,0,0,0,0,0,0,0,1,0,0,0,0,0,1,49,0,0,0,0,0,0,0,0,0,0,0,0,0,12,0,20,0,0,243,0,0,1,0,0,0,0,0,0,0,0,0,0,0,0,106,85,0,0,0,0,0,40,0,0,0,0,0,0,0,123,0,36,0,0,0,0,0,0,0,123,0,0,0,0,0,0,0,1,0,135,0,0,31,1,0,0,0,0,0,0,0,0,0,0,0,0,0,78,0,0,2,0,0,0,0,0,0,0,0,0,0,0,0,0,0,0,0,0,0,0,47,0,0,0,0,43,0,0,0,0,0,0,0,0,12,0,0,0,0,0,1,0,0,0,0,163,0,0,0,0,0,0,0,0,0,0,0,3986,0,0,0,0,75,0,0,0,0,0,0,1,0,0,0,0,0,0,0,0,0,0,0,0,0,0,0,0,0,0,0,0,0,0,0,0,0,0,0,0,0,0,0,0,1,0,0,0,0,27,0,64,11,0,0,0,0,0,0,0,9,0,0,0,0,0,0,0,0,0,0,0,0,0,0,0,0,0,0,0,0,1,0,0,0,0,0,0,0,0,0,0,0,0,0,0,6,0,0,0,0,0,0,0,0,0,0,0,0,0,0,0,0,0,0,0,0,0,0,0,0,0,0,3,0,0,0,0,0,0,0,0,0,0,0,0,0,0,719,0,0,0,0,0,0,0,0,0,0,0,0,0,0,0,0,0,0,0,0,0,0,0,0,0,0,0,0,0,0,0,0,0,0,22,0,0,0,0,1,0,0,0,0,0,0,0,1,0,0,0,0,0,1,1,0,0,40,48,0,0,0,0,0,0,0,0,0,0,0,0,0,0,0,0,0,0,0,0,0,0,0,0,0,0,0,0,0,12,0,0,0,37,0,0,0,0,0,0,0,53,41,0,0,0,0,0,0,0,0,0,0,26,0,0,4392,0,0,0,0,0,0,0,0,0,0,0,0,0,12,0,0,0,0,17,0,0,0,0,0,0,0,0,0,0
23,ITS1PRE60102,0,0,0,0,0,1,0,0,3,0,0,0,0,0,0,0,6,0,0,0,0,0,1,0,0,0,0,0,0,45,0,0,0,0,0,0,0,0,3,175,0,0,0,0,0,6,0,5,0,0,0,16,0,6,0,0,0,0,0,0,0,0,0,0,0,0,0,0,0,0,0,11,0,0,0,0,0,0,0,0,0,0,0,2,0,0,0,0,0,0,0,0,0,0,0,0,0,0,0,0,0,0,0,0,0,0,0,0,0,0,0,0,0,0,0,0,0,0,228,0,0,0,0,0,1,1374,0,0,0,0,0,0,0,0,0,0,0,0,0,0,0,0,0,0,0,0,0,0,0,0,0,0,0,0,0,0,0,0,0,0,0,0,0,0,0,0,0,2,0,0,0,0,0,0,0,0,0,0,0,0,4,0,0,0,0,8,0,0,0,0,0,0,0,0,3,0,0,0,0,0,0,0,0,0,0,0,0,0,0,0,1,0,0,19,2,5,0,0,7,0,0,0,0,0,0,0,0,0,0,0,0,0,0,0,0,0,27,0,0,0,4,0,0,0,0,0,0,0,0,0,0,0,0,0,11,0,0,0,2,0,0,0,0,0,70,0,0,0,0,0,0,0,0,0,0,0,0,0,0,0,0,0,11,0,38,2,0,0,0,0,0,0,0,0,0,10,0,0,0,0,0,0,0,0,0,0,0,0,0,0,0,0,0,0,0,0,0,0,0,0,0,0,0,1,0,3,0,0,324,0,18,0,0,0,0,0,0,0,0,0,0,0,5008,0,4,0,15,0,0,0,0,0,0,0,0,0,0,0,0,0,0,0,0,0,0,0,0,0,0,0,0,0,0,0,0,0,1,0,0,0,0,9,0,0,0,0,0,1,0,0,0,0,0,0,0,62,31,0,0,0,0,0,0,0,0,0,0,0,0,0,0,0,0,0,0,0,0,5,0,0,0,0,0,0,0,0,2,0,0,0,0,0,15,0,0,0,0,0,0,0,0,0,0,0,0,0,0,26,0,11,0,0,0,0,0,0,0,0,0,2,0,0,0,0,0,0,8,2,0,0,53,0,0,0,0,0,0,0,0,0,0,1,0,0,0,0,0,0,0,0,0,0,0,0,0,0,0,0,0,0,0,3,0,0,0,5,0,0,0,0,0,0,0,0,0,0,0,5,0,0,0,1,0,0,0,0,0,0,0,0,0,0,0,0,0,0,0,0,0,0,18,0,0,0,0,0,0,0,0,7,0,0,0,22,0,7,0,0,0,0,0,0,8,0,2,0,0,0,0,0,0,0,0,0,5,0,4,0,0,0,3,0,0,14,0,0,0,0,3,0,0,0,0,0,84,0,0,3790,0,29,8,0,0,4,0,0,0,0,0,0,0,0,0,0,0,0,35,0,321,0,0,0,0,0,0,0,0
24,ITS1PRE60103,0,0,9,0,0,0,0,0,0,0,0,0,1,1,0,0,0,0,0,0,0,0,0,0,0,0,0,0,0,0,53,0,0,0,0,0,0,0,0,150,0,0,0,0,0,0,0,0,0,0,0,11,0,0,0,0,0,0,0,0,0,0,0,0,0,0,0,0,0,0,0,0,0,0,0,0,0,0,0,0,0,0,0,0,0,0,0,0,0,0,0,0,0,0,0,0,0,0,0,0,0,0,0,0,0,55,0,0,0,0,0,0,0,0,0,0,0,0,177,0,0,0,143,0,1,59,0,0,4,26,0,0,0,0,69,0,0,0,0,0,0,63,0,0,0,0,0,0,0,0,0,0,0,0,0,0,0,0,1,0,0,9,0,0,23,0,0,0,0,0,0,0,0,0,0,0,0,0,1,0,0,677,0,1,0,0,0,0,0,921,0,0,0,0,0,0,0,0,0,0,0,0,0,8,0,0,0,21,0,4,125,0,1,48,0,2,0,0,0,0,0,0,0,0,0,3,0,0,0,0,0,0,0,4,0,0,4,0,0,0,0,10,0,0,96,0,0,0,0,0,0,0,0,0,105,0,0,0,8,0,1,0,0,0,391,0,0,0,1,297,0,0,0,0,0,0,0,0,0,0,11,0,98,0,0,31,0,0,0,0,0,0,0,0,0,0,0,0,0,0,0,0,0,0,29,42,0,0,0,0,0,0,1,63,0,0,0,0,0,0,1384,0,1,0,0,0,0,0,0,0,110,0,0,0,0,0,0,0,0,0,0,0,1975,0,0,0,0,9,0,0,0,0,0,0,0,0,0,8,0,15,0,0,0,0,0,14,0,0,0,0,0,0,0,0,0,0,2,0,0,0,0,0,0,0,0,0,0,4,0,0,0,0,0,0,7,11,0,0,10,0,14,0,0,0,0,0,0,0,0,0,0,0,0,0,0,0,0,0,0,32,0,0,0,0,0,0,0,0,0,0,0,0,0,0,0,0,0,0,0,0,0,0,0,0,0,0,0,0,0,36,0,0,0,0,0,0,0,0,0,0,0,0,21,0,0,0,15,0,0,0,77,0,0,0,1,11,0,61,3,0,0,1049,0,0,0,0,0,0,0,0,0,0,0,0,0,0,0,0,0,0,0,0,0,0,0,0,0,1,0,0,1,0,0,0,0,0,0,0,0,0,0,1,0,0,0,0,0,0,0,0,0,0,0,0,0,11,0,0,0,14,0,0,0,0,0,0,0,0,0,0,2,0,53,0,0,0,0,0,0,0,0,0,14,0,0,0,22,0,0,0,0,0,0,0,101,0,0,0,0,0,0,0,5,16,0,0,0,0,0,0,0,0,0,0,0,0,0,3083,0,0,4,0,0,0,0,0,0,0,0,0,0,0,0,0,0,0,29,0,3,0,0,0,0,0,0,0,0
25,ITS1PRE60104,0,0,0,0,0,0,0,0,0,0,0,0,0,0,1,86,0,0,0,0,0,0,0,0,0,17,0,0,0,0,0,0,0,0,0,0,0,0,0,65,0,0,0,0,0,0,0,0,0,0,0,1,9,0,0,0,0,0,0,0,0,0,0,0,4,0,0,0,0,0,0,0,0,0,0,0,0,0,0,0,0,0,0,0,0,0,0,0,0,2,0,0,0,1,0,0,0,0,0,0,0,0,0,0,0,38,0,0,0,0,0,0,0,0,0,0,0,7,253,0,0,8,225,0,0,12,0,0,0,12,0,0,0,0,7,0,0,0,0,0,0,2,0,0,0,0,0,0,0,0,0,0,0,0,0,0,0,0,0,0,0,2,0,0,0,0,0,0,0,0,0,0,0,0,0,0,0,6,0,0,0,0,12,0,0,0,0,0,0,407,0,0,0,0,40,0,0,0,0,0,0,0,0,10,0,0,0,0,0,12,21,0,0,52,0,0,0,0,0,0,0,0,0,0,0,0,0,0,0,0,0,0,0,0,0,0,20,0,0,0,0,0,14,0,7,0,0,0,0,0,0,0,0,0,59,0,0,0,0,0,0,0,0,0,5511,0,0,36,0,17,0,0,0,0,0,0,0,0,0,0,0,0,0,0,0,1,0,0,0,0,0,0,0,0,19,0,0,6,0,0,0,0,0,0,0,2,0,0,0,0,0,0,0,0,0,0,0,0,0,0,0,0,0,0,8,0,0,0,0,0,117,0,0,0,0,0,0,0,0,0,0,0,1149,0,0,0,13,130,0,0,0,23,0,0,0,0,0,0,0,7,0,0,0,0,0,0,0,0,0,0,0,0,0,0,0,0,0,0,0,0,0,0,0,0,0,0,0,0,0,0,0,6,5,0,13,30,0,0,0,0,0,0,0,9,0,0,0,0,0,0,0,0,0,0,0,0,0,20,0,0,0,0,0,0,0,0,0,0,0,0,0,0,0,0,0,0,0,0,0,0,0,0,0,0,0,0,0,0,0,55,0,0,0,0,0,0,0,0,0,0,0,0,0,0,7,0,3,0,0,0,0,0,1,0,0,0,0,4,0,0,0,705,0,0,6,0,0,0,0,0,0,19,0,0,0,0,0,0,0,0,0,0,0,0,0,0,0,1,0,0,0,0,0,0,0,0,0,0,0,0,0,2,0,0,0,0,0,0,0,0,0,0,0,0,0,3,0,0,0,5,22,0,0,0,0,0,0,0,0,0,0,0,0,3,0,0,0,0,0,0,0,0,0,0,0,0,0,0,0,0,0,0,0,0,2,0,0,0,0,0,0,0,30,9,0,0,0,0,2,0,0,0,0,0,0,0,0,2652,0,0,0,0,0,0,0,0,0,17,0,0,0,3,4,0,0,0,0,0,0,0,0,0,0,0,0,0,0
26,ITS1PRE60105,0,0,0,0,0,0,0,0,1,0,0,0,814,1,0,0,0,0,0,0,0,0,0,0,0,0,0,0,0,0,0,0,0,0,0,0,0,0,0,196,0,0,0,0,0,0,0,0,0,0,0,9,0,0,0,0,0,0,0,0,0,0,0,0,0,0,0,0,0,0,0,0,0,0,0,0,0,0,0,0,0,0,0,0,0,0,0,0,0,0,0,0,0,0,0,0,0,0,0,0,0,0,0,0,0,45,0,0,0,0,0,0,0,0,0,0,0,0,173,0,13,16,40,0,0,1,0,0,0,36,0,0,0,0,0,0,11,0,0,0,0,0,0,0,0,0,0,0,0,0,0,0,0,0,0,0,0,0,0,0,0,0,0,0,0,0,0,0,17,0,0,0,0,0,0,0,0,0,0,0,0,0,0,0,0,7,0,0,0,0,0,262,0,0,42,0,0,69,0,0,0,0,0,0,0,0,0,46,0,19,20,0,0,0,0,0,0,0,0,0,0,0,0,0,0,1,0,0,0,0,0,0,0,0,0,0,168,0,0,0,9,0,27,0,0,0,0,0,0,0,0,0,0,0,140,0,0,0,0,0,0,0,0,0,10,0,0,0,0,0,0,0,0,0,0,0,0,0,0,0,1,0,6,0,0,3,0,0,0,0,0,0,0,0,0,0,0,0,0,0,0,0,0,0,0,12,0,0,0,0,0,0,0,0,36,0,0,0,0,0,0,22,0,0,14,0,0,0,6,0,52,0,0,0,0,0,0,0,0,0,0,0,2608,0,0,0,28,11,0,0,6,0,0,0,735,0,0,0,0,0,0,0,0,0,15,0,0,0,0,0,0,17,0,0,0,0,0,0,0,0,0,0,0,0,0,0,0,4,0,0,0,0,0,0,17,14,0,0,0,0,0,0,0,2,0,0,260,14,0,0,0,0,0,0,0,0,0,1,0,0,0,0,0,0,5,0,0,0,0,0,0,0,0,0,0,0,0,0,0,0,0,0,0,0,0,0,0,0,0,26,0,0,0,0,31,0,0,0,0,0,0,0,0,0,0,0,0,0,0,0,0,0,0,0,101,0,0,21,4,0,0,21,0,0,11,0,51,0,0,0,0,11,0,0,0,0,0,0,0,0,0,0,0,0,0,0,0,2,0,0,0,8,0,0,0,0,21,0,0,0,0,0,0,0,0,0,0,0,0,0,0,0,0,0,0,5,0,0,0,0,0,0,1,30,0,0,0,0,0,6,0,0,0,6,30,0,0,0,0,0,0,0,75,0,0,0,0,0,0,0,0,0,0,0,1,0,0,0,0,0,0,0,33,53,0,0,0,0,0,0,0,0,0,0,0,0,0,5328,0,0,0,0,0,0,0,97,0,16,0,0,0,0,0,0,0,0,0,17,1,0,0,0,0,0,0,0,0
27,ITS1PRE60106,0,0,4,0,0,19,0,0,122,0,0,0,0,0,0,0,0,0,0,0,0,1,0,0,0,0,0,0,0,0,31,0,0,0,0,0,0,0,0,14,0,0,0,0,0,0,0,0,0,0,0,5,0,0,1,0,0,0,0,0,0,0,0,0,0,0,0,0,0,0,0,0,0,0,0,0,0,0,0,0,0,0,0,0,0,0,0,0,0,0,0,0,0,22,19,0,0,0,0,0,0,4,0,0,0,232,0,0,0,0,0,0,0,0,0,0,0,34,496,0,2,25,426,0,0,0,0,0,0,30,9,0,0,0,0,0,0,0,0,0,0,240,0,0,0,0,0,0,0,0,0,0,0,0,0,0,0,0,0,0,0,0,0,0,1,0,0,0,8,0,0,0,0,0,0,0,0,0,0,0,0,0,0,0,0,0,0,0,0,99,0,0,0,0,0,0,0,0,0,0,0,0,0,32,0,0,0,0,0,0,10,0,0,0,0,0,0,0,0,0,0,0,0,0,0,0,0,0,0,0,0,0,0,0,0,0,43,0,0,0,0,692,2,0,0,4,0,0,0,0,0,0,0,0,214,0,0,0,0,0,0,0,0,0,1728,0,0,0,0,0,0,0,0,0,0,0,0,0,0,0,0,0,48,0,0,1,0,0,0,0,0,0,0,0,0,0,0,0,0,0,0,0,0,0,143,14,0,0,0,0,19,0,0,0,0,0,0,0,0,0,0,0,0,0,0,0,0,0,0,0,156,0,0,0,0,0,0,0,0,0,0,0,3982,0,0,0,51,0,0,0,0,0,0,0,0,0,0,0,0,0,0,0,0,0,0,0,0,0,0,0,0,0,0,0,0,0,1,0,0,0,0,0,0,0,0,0,0,0,0,0,0,0,0,0,18,82,0,0,0,0,0,0,13,45,0,0,0,0,0,0,0,0,0,0,0,0,9,46,0,0,0,0,0,0,17,0,0,0,0,0,0,0,0,0,4,0,0,0,0,0,0,0,0,0,0,0,65,0,0,18,0,0,0,0,10,0,0,0,0,10,0,12,0,0,0,0,1,0,0,14,0,0,0,0,0,0,0,0,2,0,0,458,0,0,0,0,0,0,0,6,0,0,0,1,0,0,0,0,5,0,0,0,0,0,0,0,0,0,0,0,0,0,0,0,0,0,1,0,10,0,0,1,0,0,0,0,0,0,0,0,0,0,0,0,0,4,0,0,0,0,56,0,0,0,0,0,0,0,0,0,0,0,0,4,0,0,0,0,0,0,0,0,0,0,0,0,0,0,0,0,0,0,0,4,29,0,0,0,0,0,0,0,0,24,0,0,0,0,0,0,0,0,0,0,0,18,0,2092,0,0,0,0,0,0,0,0,1,0,0,0,0,0,0,0,0,0,3,0,1,0,0,0,0,0,21,0,0
28,ITS1PRE60107,0,0,4,0,0,6,0,0,0,0,0,0,1,0,0,0,0,0,0,0,0,0,0,0,0,0,0,0,0,0,0,6,0,0,0,0,0,0,0,17,0,0,0,0,0,6,0,0,0,0,0,8,0,0,0,0,0,0,0,0,0,0,0,0,0,0,0,0,0,0,0,0,0,0,0,0,0,0,0,0,0,0,0,7,0,0,0,0,0,0,0,0,0,19,0,0,21,0,0,0,0,0,0,0,0,14,0,0,17,0,0,0,0,0,0,0,0,6,112,0,0,0,6446,0,1,0,0,0,0,22,0,0,0,0,0,0,0,0,0,0,0,7,0,32,0,0,0,0,0,0,0,0,0,1,0,0,0,0,0,0,0,0,0,0,31,0,0,4,15,0,0,0,0,0,0,0,0,0,0,0,0,0,9,0,0,0,0,0,0,23,0,0,0,0,66,0,0,0,10,0,0,0,0,2,0,0,0,11,3,9,35,0,1,264,0,0,0,0,0,0,0,0,0,0,0,0,0,0,0,0,0,0,0,0,0,0,150,0,0,0,0,0,8,0,0,0,0,0,0,0,0,0,0,0,90,0,0,0,0,0,0,0,0,0,343,0,0,0,0,149,0,0,0,0,0,0,0,0,0,0,0,0,14,0,0,8,0,0,0,0,0,0,0,0,22,0,0,0,0,0,0,0,0,0,5,3,0,0,0,0,0,0,0,0,0,0,0,20,0,0,69,2,0,0,1,0,0,0,0,0,43,0,0,0,0,0,0,0,0,0,0,0,2248,0,0,0,0,0,0,0,0,0,0,0,0,0,0,6,0,0,0,0,0,0,0,0,1,0,0,0,0,0,0,0,0,0,0,0,0,0,0,0,0,0,0,0,0,2,0,0,0,4,0,0,18,8,0,0,0,0,0,0,0,0,0,0,0,0,0,0,0,0,0,0,0,0,15,7,0,0,0,0,0,0,0,0,0,0,0,0,0,0,0,0,0,0,0,0,0,0,0,0,0,0,0,0,0,0,0,0,0,0,0,0,0,0,0,0,0,0,0,5,0,0,0,0,0,0,0,0,0,1,0,0,0,0,0,0,0,0,0,56,0,0,0,0,0,0,0,17,0,5,0,0,0,0,0,0,0,0,0,0,0,0,0,0,0,0,0,0,0,0,0,0,0,0,0,0,0,0,0,0,0,0,0,0,0,0,0,0,0,0,0,0,0,5,0,0,0,1,4,0,0,0,0,0,0,0,0,0,0,0,0,4,0,0,0,0,0,0,0,0,0,0,0,0,0,0,0,0,0,0,0,0,20,0,0,0,0,0,0,0,23,6,0,0,0,0,5,0,0,0,0,0,0,0,0,1385,1,0,0,0,0,0,0,0,0,3,0,0,0,1,0,0,0,0,67,0,6,0,2,0,0,0,0,0,0
29,ITS1PRE60108,1,0,5,0,0,0,1,0,39,0,0,0,2,310,0,0,0,0,0,0,0,0,0,0,0,0,0,0,0,0,0,0,0,0,0,0,0,0,0,64,0,0,0,0,0,29,0,0,0,0,0,9,0,0,0,0,0,0,0,0,0,0,0,0,10,0,0,0,0,0,0,0,0,0,0,0,0,0,0,0,0,0,0,19,0,0,0,0,0,24,0,0,0,0,0,0,0,0,0,0,0,1,0,5,0,4,0,0,0,0,0,0,0,0,0,0,0,6,265,0,0,0,0,0,0,85,0,0,0,22,0,0,0,0,0,0,0,10,0,0,0,0,339,0,0,0,0,0,0,0,5,0,0,0,0,0,0,0,0,0,0,8,0,0,22,0,0,0,33,0,0,0,0,0,0,9,0,0,0,0,0,0,22,0,0,0,0,0,0,5,0,0,0,0,161,0,0,0,0,0,0,0,0,11,0,0,0,10,4,0,0,0,0,0,0,0,0,21,0,0,0,0,0,0,23,0,0,0,0,0,2,11,0,0,0,0,153,0,0,0,0,0,14,0,0,0,0,0,0,0,0,0,0,0,156,0,0,0,0,0,0,0,1,0,32,0,0,22,5,9,0,0,0,0,0,0,0,0,0,0,0,0,38,0,0,0,0,0,0,0,0,0,0,0,0,0,0,0,0,0,0,0,0,0,0,0,0,0,11,13,0,0,0,0,5,0,0,25,0,6,1490,0,0,1,5,9,0,0,0,0,127,0,0,0,0,0,0,0,0,0,0,0,3484,0,10,0,4,0,0,0,0,90,0,0,8,0,0,17,0,0,0,0,0,0,0,0,0,0,0,0,0,0,0,10,0,0,0,0,0,0,0,0,0,0,0,0,0,1,0,0,0,0,0,0,90,6,0,0,0,0,0,0,0,0,0,0,0,0,0,0,0,0,0,0,0,0,0,0,0,0,0,0,0,0,0,0,0,0,0,0,0,0,0,0,0,0,0,0,0,0,0,0,0,0,0,0,8,0,0,0,0,0,0,0,0,0,0,0,0,0,0,0,0,0,0,0,0,0,0,0,0,0,0,0,0,0,0,5,0,0,0,0,0,0,0,0,0,0,0,7,0,0,0,0,0,1,0,0,0,0,0,0,0,0,0,0,0,0,3,0,0,0,0,0,0,0,183,0,0,0,0,0,0,0,0,0,0,0,0,0,0,0,0,0,0,0,0,0,0,25,13,0,2,0,0,19,0,0,0,0,0,0,0,0,0,0,0,0,0,0,0,0,0,0,0,0,0,0,0,0,0,0,0,0,0,0,0,0,0,0,8,0,84,86,0,0,0,0,0,16,0,0,0,0,0,0,0,4075,0,0,0,0,0,0,0,0,0,0,0,0,0,4,0,0,0,0,102,9,0,0,0,0,0,0,0,0,0
30,ITS1PRE60109,0,0,15,0,0,0,0,0,0,0,23,0,0,0,0,41,0,0,0,0,0,0,0,0,0,0,0,0,0,0,0,0,0,0,0,0,0,0,6,6,0,0,0,0,0,0,0,0,0,0,0,6,0,0,0,0,0,0,0,0,0,0,23,0,0,491,0,0,0,0,0,5,0,6,0,0,0,0,0,0,0,0,0,22,0,0,0,0,0,0,0,0,0,16,0,0,0,0,0,0,0,0,0,24,0,1,0,0,0,0,0,0,63,0,0,0,0,0,225,0,0,0,55,0,1,10,0,0,0,2,0,0,0,0,0,0,0,0,0,0,0,9,44,0,0,0,0,0,0,0,0,0,0,0,0,0,0,0,0,0,0,15,0,0,28,0,0,0,79,11,0,0,0,0,0,13,0,0,0,0,0,28,27,0,0,0,0,6,0,11,0,0,0,0,94,0,0,0,0,0,0,0,0,2,0,0,7,15,0,0,0,0,0,0,0,13,0,0,0,0,0,0,1,0,0,0,0,0,0,0,0,14,0,0,0,0,16,0,0,0,0,0,0,0,26,0,0,0,2,0,0,0,0,0,139,0,0,0,126,0,0,1,1,0,452,0,0,0,0,8,0,0,11,0,0,0,0,0,1,0,0,0,44,0,0,0,0,0,0,0,0,0,0,0,0,0,0,0,0,0,0,0,0,0,0,0,0,0,0,0,0,0,0,0,0,0,0,17,0,0,0,0,0,0,8,0,0,0,0,0,85,0,0,0,0,0,0,0,0,0,0,0,3358,0,2,0,0,0,0,0,0,126,0,0,0,0,0,0,0,0,0,0,0,0,0,0,0,0,4,0,0,0,0,0,0,0,0,0,0,0,0,0,0,0,0,0,0,0,0,0,0,0,0,0,74,34,0,0,0,0,0,0,0,0,0,0,0,0,0,0,0,0,0,0,0,0,0,0,0,0,0,0,0,0,0,0,0,0,0,0,0,0,0,0,0,0,0,0,0,0,0,0,0,0,0,0,546,0,0,5,0,0,0,17,41,0,0,0,0,0,0,0,0,0,0,0,0,0,0,0,0,0,0,0,0,0,0,0,1,0,0,36,0,0,6,0,0,0,0,0,0,0,0,0,0,0,0,0,0,0,0,0,0,0,2,0,0,0,5,0,0,0,0,0,0,0,3,0,0,0,667,3,9,0,0,0,0,0,0,4,0,0,0,0,16,0,46,0,0,103,67,29,1,0,0,0,0,0,0,0,0,2,1,1,332,0,0,0,0,0,0,0,0,0,0,0,0,0,0,0,0,0,0,0,1,0,0,0,0,0,0,0,96,233,0,0,0,0,0,0,0,0,0,0,0,0,0,3742,0,0,0,0,0,0,0,0,14,0,0,0,0,0,37,0,0,0,4,0,0,0,0,0,0,0,26,0,0
31,ITS1PRE60110,0,0,0,0,0,0,0,0,0,5,0,0,0,0,0,0,0,0,0,0,0,0,0,0,0,0,0,0,0,0,0,0,0,1,0,0,0,0,0,391,0,0,0,0,0,0,0,0,0,0,0,11,0,0,1,0,0,0,0,0,4,0,0,0,0,0,0,0,0,0,0,0,0,0,0,0,0,0,0,0,0,0,0,0,0,0,0,0,0,1,0,0,0,0,1,0,1,0,0,0,0,0,0,6,0,54,0,0,0,0,0,0,0,0,0,0,0,0,276,0,0,0,4,0,0,37,0,0,0,0,0,0,0,0,0,0,0,0,0,0,0,0,0,0,0,0,0,0,0,0,4,0,0,0,0,0,0,0,4,0,0,0,0,0,0,0,0,0,0,0,0,0,0,0,0,0,0,0,0,0,0,0,0,0,0,0,0,0,0,6,0,0,0,4,14,0,0,0,0,0,0,0,0,0,0,0,0,0,2,4,5,0,0,0,0,0,0,0,0,0,0,0,0,0,0,0,0,0,0,0,0,5,0,0,0,0,11,0,0,0,0,0,0,0,59,0,0,0,0,0,0,0,0,0,30,0,0,0,0,0,0,0,0,3,487,0,0,0,0,0,0,0,0,0,0,0,0,0,0,0,4,2,13,0,0,1,0,0,0,0,0,0,0,0,2,0,0,0,0,2,0,0,0,0,1,0,4,0,0,0,0,0,0,0,0,0,0,0,0,0,1,0,0,0,0,0,4,0,0,0,51,0,0,0,0,3,0,0,0,0,0,0,947,0,2,0,3,6,0,0,0,0,0,0,0,0,0,0,0,0,0,0,0,0,0,0,0,0,0,0,0,0,0,0,0,0,0,0,0,0,0,0,0,0,0,0,0,3,0,0,0,0,0,0,15,24,0,0,0,0,0,0,0,0,1,0,0,0,0,0,0,0,0,0,0,0,0,2,0,0,0,0,0,0,1,0,0,0,0,0,0,0,0,0,0,0,0,0,0,0,0,0,0,0,0,0,15,0,0,131,0,0,0,0,7,0,0,0,0,22,0,0,15,0,0,0,1,0,0,12,0,0,0,0,0,0,0,0,0,0,0,131,0,0,0,0,0,0,0,0,2,0,0,0,0,0,0,0,0,0,0,0,0,0,1,0,0,0,0,0,0,0,0,0,0,0,1,2,0,0,0,1,0,0,0,0,0,0,3,0,0,0,0,0,0,0,0,0,0,0,6,0,0,0,0,0,0,0,0,0,0,0,0,28,0,0,0,0,0,0,0,0,1,0,0,0,0,0,0,0,0,0,0,0,9,0,0,0,0,0,1,0,37,50,0,0,0,0,0,0,0,0,0,0,0,0,0,2718,0,0,0,0,0,0,0,0,2,0,0,0,2,1,0,0,0,0,48,8,6311,0,0,0,0,0,0,0,0
32,ITS1PRE60111,22,0,0,0,0,0,314,0,27,0,0,0,29,0,0,0,0,0,0,0,0,0,0,0,0,0,0,0,0,0,2,0,0,0,0,0,0,0,7,168,0,0,3,0,0,5,0,0,0,0,0,17,0,1,0,0,0,0,0,0,0,0,0,0,0,0,0,0,0,0,0,0,0,0,0,0,0,0,0,0,0,0,0,0,0,0,0,0,0,0,0,0,0,42,6,0,779,0,0,0,0,0,0,0,0,28,0,0,0,0,0,0,0,0,5,0,0,38,440,0,0,11,26,0,0,0,0,0,0,4,2,0,0,0,0,0,0,0,0,0,0,0,0,0,0,2,8,0,0,0,0,0,0,0,0,0,2,0,0,0,0,0,0,0,1,0,0,0,0,0,0,0,0,16,0,0,0,0,0,0,0,0,1,0,0,7,13,3,0,5,0,0,0,0,27,0,0,0,0,0,0,0,0,0,0,0,0,0,0,0,44,0,13,0,0,0,0,1,0,0,0,0,0,0,0,0,0,0,2,0,115,0,0,0,0,0,388,0,0,2,0,0,1,0,0,0,0,0,0,0,0,0,0,0,74,0,0,0,0,0,0,0,1,0,137,0,0,79,3,0,0,0,0,0,0,0,0,0,13,0,0,0,51,0,0,2,0,0,1,0,0,0,0,4,116,0,0,0,0,0,0,0,0,0,145,0,0,0,0,0,0,0,0,0,0,0,1,3,0,78,1409,0,0,0,11,0,0,0,0,0,57,0,0,0,0,0,0,0,0,0,0,0,2791,0,1,0,12,0,0,0,0,9,0,0,0,0,0,9,0,5,0,0,0,0,0,13,0,0,0,0,0,0,0,0,5,11,0,0,0,0,1,0,0,0,0,0,0,2,0,0,0,0,0,0,13,17,0,0,0,0,0,0,0,0,0,0,14,0,0,0,0,0,0,0,0,0,0,0,0,0,12,0,0,0,4,0,0,0,0,0,0,0,0,0,0,0,0,0,0,0,0,0,0,2,0,0,130,0,0,178,0,0,0,0,0,0,0,0,0,14,0,3,0,0,0,0,17,0,0,0,0,0,0,0,0,0,0,29,0,0,0,197,0,0,1,0,0,0,0,59,0,3,0,0,0,0,0,0,0,0,4,0,0,0,1,0,0,0,5,0,0,0,0,0,0,0,47,0,0,0,0,2,0,0,0,0,0,0,3,0,0,0,0,19,3,0,0,0,0,2,18,0,0,0,0,0,0,1,3,0,0,0,7,8,0,0,0,0,0,0,0,0,0,0,8,5,2,0,0,0,1,0,0,0,1,0,0,0,0,0,0,0,31,72,0,0,0,0,3,0,0,0,0,0,8,1,0,3291,0,0,0,0,5,0,0,0,2,0,0,0,0,0,5,0,0,0,167,0,0,0,0,0,0,0,0,0,0
33,ITS1PRE60112,0,0,3,0,0,0,0,0,20,2,0,0,0,0,0,7,0,0,7,0,0,0,0,0,0,0,0,0,0,0,20,0,0,0,0,0,0,0,11,308,0,0,0,0,0,0,0,0,0,0,0,6,0,0,14,4,0,0,0,0,0,0,0,0,1,0,0,0,0,0,0,0,0,0,0,0,0,0,0,0,0,0,0,0,0,0,0,0,0,1,0,0,0,0,0,0,0,0,0,0,0,0,0,22,0,81,0,0,0,0,0,0,0,0,0,0,0,0,699,0,16,0,272,0,0,145,0,0,0,7,0,0,0,0,0,0,0,0,0,0,0,0,0,0,0,0,3,0,0,0,0,0,6,0,0,0,0,0,0,0,0,32,0,0,0,0,0,0,0,0,0,0,0,0,0,0,0,0,0,2,0,0,0,0,0,0,0,2,0,40,0,0,0,0,17,0,0,0,0,0,0,0,0,0,0,0,1,8,0,0,5,0,0,1,0,0,0,0,0,0,0,0,0,0,0,0,0,0,0,0,0,0,0,0,0,0,361,0,0,0,39,0,202,0,0,0,0,0,0,0,0,0,0,0,8,0,0,4,0,0,0,0,0,0,124,1,0,20,0,0,0,0,0,0,0,0,0,0,1,0,0,0,9,0,6,1,0,0,0,5,0,0,0,0,7,0,0,0,0,0,0,0,0,0,4,4,0,0,0,0,0,0,0,0,48,0,0,0,0,0,21,0,0,0,0,0,0,0,8,0,55,0,0,0,0,5,1,0,0,0,0,0,1062,0,0,0,0,0,0,0,0,0,0,0,0,0,0,0,0,0,0,0,0,0,0,0,0,0,0,0,0,0,0,0,0,0,0,0,0,0,0,0,0,0,0,0,0,0,0,0,0,0,0,0,6,10,0,0,0,0,0,0,0,3,0,0,0,0,0,0,0,0,0,0,0,0,0,3,0,0,191,0,0,0,0,0,0,0,0,0,0,0,0,0,0,0,0,0,0,0,0,0,0,0,0,0,18,0,0,11,0,1,0,0,6,0,0,0,0,0,0,0,176,44,0,0,0,0,0,0,0,0,0,0,0,0,0,2,0,0,1,63,0,0,0,0,0,0,0,59,0,0,0,0,0,0,0,0,0,0,0,0,0,0,0,0,0,0,9,0,0,0,0,0,0,0,0,0,0,0,0,0,2,0,0,0,0,0,0,0,0,0,0,1,0,0,0,0,0,0,9,0,0,0,0,0,7,0,5,0,0,0,1,51,0,0,0,0,0,0,0,0,0,0,0,0,0,0,0,0,0,0,0,0,26,0,0,0,0,0,0,0,15,9,0,0,0,0,0,4,0,0,0,0,5,4,0,7364,0,12,0,0,0,0,0,0,7,0,0,0,7,0,0,0,0,0,198,0,0,0,0,0,0,0,0,0,0
34,ITS1PRE60301,0,2,0,0,0,0,0,0,139,0,0,0,10,0,0,0,0,0,0,0,0,0,0,0,0,0,3,0,0,0,1,22,0,0,0,0,0,0,29,33,0,0,0,4,0,154,0,0,0,0,0,2,0,0,2,0,0,0,0,0,0,0,0,0,0,0,0,0,0,0,0,2,0,2,0,0,0,0,0,0,0,1,3,7,0,0,2,0,0,7,0,0,2,6,3,0,0,0,0,0,0,0,0,1,0,22,0,0,0,0,0,0,0,0,0,0,0,53,856,0,11,0,141,0,0,6,0,0,0,3,0,0,0,0,0,0,1,0,0,0,0,0,0,0,0,1,5,0,0,0,0,0,0,0,0,0,0,0,0,1,0,5,5,0,1670,0,0,0,0,0,0,0,0,0,0,0,0,0,0,0,0,0,4,4,0,0,0,4,0,291,1,9,0,0,132,0,0,0,0,0,0,0,0,0,0,0,2,9,4,5,0,0,2,2,0,0,0,156,0,0,0,3,0,0,0,157,0,0,0,0,0,0,0,0,0,5,2,0,5,0,0,0,0,0,1,0,0,0,0,0,0,0,0,0,44,0,0,0,0,0,7,0,0,0,15,0,0,38,0,0,0,0,2,0,0,0,0,0,0,0,1,0,8,5,0,198,0,0,0,0,0,0,0,0,0,0,0,0,0,0,0,0,16,0,78,50,0,0,0,2,0,0,0,0,0,0,0,21,3,1,0,7,0,1,0,0,0,0,0,0,53,0,0,0,0,0,0,0,0,0,0,0,1728,0,2,0,588,0,0,0,3,0,0,0,24,0,0,3,0,0,0,0,2,0,0,0,0,0,0,1,0,0,0,0,0,1,3,0,0,0,0,0,0,0,0,0,0,13,0,0,0,0,0,0,48,45,0,0,0,0,0,0,0,8,0,0,0,0,0,0,0,0,0,0,0,0,2,12,0,0,0,0,0,0,3,2,0,0,0,0,0,0,0,0,0,0,0,10,0,0,0,0,0,0,0,0,6,2,0,17,0,17,0,0,4,0,0,0,1,3,0,0,1,98,0,0,1,0,0,4,0,0,11,0,0,0,0,6,147,0,0,15,0,0,0,0,0,0,0,0,0,1,0,0,0,0,0,0,0,0,0,0,0,0,0,0,6,6,2,0,0,1,0,0,0,0,5,3,0,0,0,0,0,0,0,0,0,0,1,12,0,0,0,0,0,0,0,0,0,0,91,1,0,0,0,0,4,1,0,0,8,0,2,2,0,0,0,0,0,0,0,3,0,0,0,0,0,0,5,0,0,0,0,0,79,0,0,0,0,0,3,0,0,64,0,2,0,0,0,3,0,0,0,3,0,1,0,4303,1,0,0,0,12,0,0,2,0,0,0,0,0,0,4,0,0,0,62,0,0,0,0,0,0,0,0,0,0
35,ITS1PRE60302,0,0,0,0,0,0,1,0,52,0,0,3,0,0,0,0,0,0,1,0,0,0,0,0,0,0,0,0,0,0,0,1,0,0,0,8,0,0,2,15,0,0,0,0,0,0,0,0,0,0,0,1,0,0,0,0,0,0,0,0,0,0,0,0,0,0,0,0,0,0,0,0,0,0,0,0,0,0,0,0,0,0,0,2,0,0,0,0,0,0,0,0,1,1,0,0,0,0,0,0,0,0,0,0,0,9,0,0,0,0,0,0,0,0,0,0,0,4,153,0,2,6,0,0,0,9,0,0,0,13,0,0,0,0,0,0,0,0,0,0,0,0,0,0,0,0,2,0,0,0,1,0,0,0,0,0,0,0,0,0,0,0,6,0,0,0,0,0,0,0,0,0,0,0,0,0,0,0,0,0,0,0,1,1,0,0,0,0,0,4,0,0,0,0,54,0,0,0,0,1,0,0,0,0,0,0,0,2,0,0,0,0,16,6,0,0,0,2,0,0,0,1,0,0,0,0,0,0,0,0,0,0,0,0,0,0,12,0,0,0,0,177,0,0,0,0,0,0,0,0,0,0,0,0,44,0,0,0,0,0,0,1,0,0,8759,0,0,5,0,0,0,0,0,0,0,0,0,0,0,0,2,0,11,0,0,1,0,0,0,2,0,0,0,0,0,0,0,0,0,0,0,0,3,0,8,1,0,0,0,2,4,0,0,0,1,0,0,5,0,0,0,0,0,0,8,0,0,0,0,0,20,0,0,0,0,0,0,0,0,0,0,0,850,0,0,0,36,0,0,13,0,0,0,0,0,0,0,0,0,0,0,0,0,0,0,0,0,0,0,0,0,0,0,0,0,1,0,0,0,0,0,0,0,0,0,0,0,18,0,0,0,0,0,2,10,8,0,0,0,0,0,0,0,0,0,0,0,0,0,0,0,0,0,0,0,0,0,6,0,0,0,0,0,0,1,1,0,0,0,0,0,0,0,0,0,0,0,0,0,0,0,0,0,0,0,0,0,0,0,12,0,8,0,0,0,0,0,0,0,0,0,0,0,0,0,0,0,0,0,0,0,3,0,0,1,0,1,2,1,0,0,285,0,0,0,0,0,0,0,0,0,0,0,0,0,0,0,0,0,0,0,0,0,0,0,0,4,1,0,0,0,0,0,0,0,0,0,0,0,0,0,0,0,0,0,0,0,0,0,1,0,0,0,0,0,0,0,0,0,0,77,0,0,0,0,0,0,0,0,0,0,0,0,1,0,0,0,0,0,0,0,0,0,0,0,0,3,0,0,0,0,0,0,0,195,0,0,0,0,0,0,0,0,15,0,0,0,0,0,0,0,0,0,0,0,15,0,1063,0,0,1,0,0,0,0,0,0,0,0,0,0,0,3,0,0,0,4,0,0,0,0,0,0,0,0,0,0
36,ITS1PRE60304,0,0,4,0,0,0,1,0,103,0,0,0,20,0,0,11,0,0,0,0,0,1,0,0,0,0,24,0,0,29,1,3,7,2,0,0,0,0,42,111,0,0,0,17,0,16,0,0,0,0,0,15,0,0,1,2,0,0,0,0,0,0,0,0,0,0,0,0,0,0,0,2,0,0,0,0,0,0,0,0,0,1,1,4,1,0,0,0,1,0,0,6,63,63,1,0,0,0,0,0,0,0,0,0,0,36,0,0,2,0,0,0,0,0,0,0,0,21,559,0,81,0,29,0,0,3,0,0,0,0,0,0,2,0,0,0,0,0,0,0,0,2,1,983,0,0,0,58,0,0,1,0,34,0,0,0,0,0,1,0,0,15,9,0,233,0,0,0,0,0,0,0,0,7,9,0,0,0,0,0,0,0,0,28,0,6,74,2,0,10,0,31,0,0,179,0,0,0,0,0,0,0,0,4,0,0,0,1,0,0,0,0,3,0,0,0,1,49,0,0,0,434,0,0,0,0,0,0,0,0,0,1,0,0,0,0,84,5,6,0,4,0,0,0,0,0,0,0,0,0,0,0,0,6,65,0,0,2,0,0,0,0,0,0,329,0,0,0,213,0,0,0,0,0,0,0,0,0,0,0,0,3,19,0,0,60,0,0,0,1,3,0,0,0,7,0,0,0,0,1,0,0,56,0,2,0,3,0,0,0,0,0,0,0,0,0,0,15,7,0,0,9,0,0,0,4,11,0,0,0,24,0,0,0,0,13,0,0,0,3,0,0,3136,0,5,0,29,0,0,0,14,0,0,0,1,0,0,1,0,1,0,0,0,0,0,0,0,0,0,38,0,0,0,0,0,0,1,0,0,0,0,23,0,0,0,0,0,44,0,42,0,0,0,0,32,22,0,0,0,0,0,0,0,0,0,0,15,3,0,0,0,0,0,0,0,0,17,5,0,0,0,0,0,0,0,0,16,0,0,0,0,0,0,0,0,0,0,0,0,0,0,0,0,11,0,0,12,0,0,431,0,1,0,0,32,0,0,0,0,0,0,0,0,24,0,0,1,0,0,17,0,2,5,0,0,0,0,26,1,0,0,23,0,0,0,0,0,0,0,22,0,20,0,0,0,0,0,0,0,0,3,0,0,0,0,0,0,2,0,0,0,0,0,0,0,0,0,20,0,0,0,2,0,0,0,0,0,0,3,46,0,0,0,0,0,0,1,0,0,0,60,0,0,0,0,0,9,0,0,0,0,0,3,15,0,0,0,0,0,0,1,0,0,0,0,0,0,3,7,0,0,0,3,0,2,0,0,0,0,0,0,0,0,91,0,4,0,24,6,7,0,0,1,0,3,10,0,3133,0,1,0,0,10,0,0,0,2,0,0,0,0,0,1,0,0,0,126,0,0,0,0,0,0,0,0,0,0
37,ITS1PRE60305,0,0,13,0,0,0,0,0,3,0,0,15,0,0,0,0,0,0,0,0,0,0,0,0,0,0,667,0,0,13,0,0,0,0,0,0,0,0,15,34,0,0,0,0,0,0,0,0,0,0,0,1,1,0,2,0,0,0,0,0,0,0,1,0,0,0,0,0,0,0,20,0,0,0,0,0,0,0,0,0,0,0,0,42,0,0,0,0,0,488,12,0,18,130,75,0,0,0,0,0,0,0,0,3,0,79,0,0,6,0,0,0,0,0,0,0,0,25,947,0,30,0,3,0,0,0,0,0,0,7,0,0,21,0,0,0,0,0,0,0,4,0,0,6,0,0,5,0,0,0,5,0,0,0,0,0,0,0,1,0,7,12,0,0,0,0,0,0,0,0,0,0,0,1,0,0,0,0,0,0,0,0,4,0,0,0,4,1,0,5,0,1,0,0,268,0,0,0,0,18,0,0,0,1,0,0,0,5,2,3,3,0,5,0,0,0,0,18,0,0,0,0,0,0,0,15,1,0,0,0,0,0,1,0,0,0,43,0,124,0,0,0,70,0,50,0,0,0,0,0,0,0,0,0,16,0,0,0,0,0,0,0,0,0,5,0,0,0,6,0,0,0,0,0,1,0,0,0,0,0,4,0,47,0,0,45,0,4,0,0,0,0,0,0,7,0,0,15,0,0,0,0,3,5,0,0,0,0,0,0,0,0,0,0,0,0,0,12,0,0,0,0,0,0,4,0,0,0,43,1,92,0,0,0,0,0,0,0,0,8,0,0,2707,0,0,0,14,6,0,0,0,0,1,0,0,0,0,0,0,0,0,0,0,0,0,0,0,0,1,0,0,0,0,0,0,3,0,2,0,0,0,0,0,0,0,0,0,10,0,0,0,0,0,0,17,93,0,0,0,0,0,0,2,110,0,0,0,0,2,1,0,0,0,0,0,0,0,36,0,0,0,0,0,4,0,0,0,0,0,0,0,0,0,0,0,0,0,4,0,0,0,0,0,1,0,0,61,0,0,116,0,83,0,0,5,0,0,0,0,0,0,0,62,27,0,0,5,0,0,0,0,0,7,0,0,0,1,0,0,0,0,254,0,0,4,0,0,0,0,0,0,13,0,0,0,0,2,0,0,0,0,0,0,0,0,0,0,1988,21,0,0,0,0,0,0,0,0,6,0,0,0,1,13,0,0,0,0,0,0,151,0,0,0,26,0,0,0,0,0,0,50,3,0,0,2,0,0,0,0,0,0,0,9,9,0,0,0,0,0,0,0,0,0,0,0,0,0,0,0,0,0,0,0,0,43,0,0,0,0,0,0,0,0,64,0,0,0,0,1,22,0,0,0,57,70,13,0,2126,0,0,0,0,7,0,0,0,0,0,0,0,0,0,0,0,0,0,37,0,0,44,0,0,0,0,0,0,0
38,ITS1PRE60306,0,0,0,0,0,0,0,0,40,0,0,0,0,0,0,0,0,0,89,0,0,0,0,0,0,0,0,0,0,44,0,0,0,0,0,0,0,0,46,19,0,0,0,0,0,0,0,0,0,0,0,1,10,0,0,2,0,0,0,0,0,0,0,0,0,0,0,0,0,0,0,0,0,0,0,0,0,0,0,0,0,0,0,9,6,0,0,0,0,5,0,0,67,0,19,0,0,0,0,0,0,0,0,0,0,7,0,0,0,0,0,0,0,0,0,0,0,0,913,0,122,0,17,0,0,0,0,0,0,17,38,0,1,0,0,0,0,0,0,0,0,0,0,0,0,0,0,0,0,0,0,0,0,0,0,0,0,0,394,0,0,0,0,0,1,0,12,0,1,0,0,0,0,4,0,0,0,0,0,0,0,0,9,0,0,7,0,0,0,8,0,0,0,0,106,0,0,0,8,20,0,0,0,33,0,0,0,13,0,8,36,0,17,19,0,0,0,0,0,0,0,0,0,0,0,7,0,0,0,0,0,0,0,0,0,0,1,0,19,0,0,0,0,0,0,0,0,0,0,0,0,0,0,0,32,23,0,0,12,0,0,0,0,0,0,0,0,38,0,13,0,0,0,0,0,0,0,46,0,0,35,0,48,0,0,1934,0,0,0,0,0,0,0,0,40,0,0,0,0,0,0,0,30,0,0,0,0,0,0,0,23,0,0,0,0,1,0,8,0,0,1,0,0,0,11,0,6,0,43,0,34,0,0,0,0,0,0,0,0,0,0,0,2865,0,1,0,0,0,0,0,0,0,0,0,0,14,0,0,0,0,0,0,0,0,0,0,0,0,0,0,0,0,0,0,0,0,0,0,0,0,0,0,0,0,0,0,0,0,0,0,0,0,0,0,16,75,0,0,0,0,0,0,0,8,0,0,0,0,0,0,0,0,0,0,0,0,0,10,0,0,0,0,0,0,59,0,0,0,0,0,0,0,0,0,0,0,0,0,0,0,0,0,0,0,0,0,0,0,0,56,0,22,0,13,0,0,0,0,0,0,0,0,0,30,0,0,0,0,0,0,0,0,0,0,0,0,0,0,1,0,0,29,0,0,0,0,0,0,0,0,6,13,0,0,0,0,0,0,0,0,0,0,0,0,0,0,0,307,16,0,12,0,0,0,0,0,4,0,0,0,0,0,0,0,0,0,7,0,0,14,0,0,0,0,0,0,42,0,0,0,23,0,0,0,0,0,0,0,0,0,0,0,0,0,0,0,0,0,0,0,0,0,0,0,0,0,0,0,0,0,0,0,0,0,1448,0,0,0,0,0,0,0,0,1,0,0,0,0,9,0,0,0,0,0,0,0,0,2306,24,0,0,0,0,0,0,0,0,0,0,0,8,3,0,0,0,0,74,0,0,0,0,0,0,0,0,0,0
39,ITS1PRE60307,0,0,5,0,0,0,0,0,11,0,0,0,6,0,0,0,0,0,0,0,0,0,0,0,0,0,4,0,0,0,0,0,0,0,0,0,0,0,0,26,0,0,0,0,0,0,0,0,0,0,0,7,0,0,0,0,0,0,0,0,0,0,1,0,0,0,0,0,0,0,0,0,0,0,0,0,0,0,0,0,0,0,2,6,0,0,0,0,0,0,0,0,1,0,0,0,0,0,0,0,0,0,0,34,0,29,0,0,0,0,0,0,0,0,0,0,0,14,179,0,45,0,2,0,0,638,0,0,0,3,2,0,0,0,1,0,0,0,0,0,0,1,1,15,0,0,0,0,0,0,0,0,10,0,0,0,0,1,0,0,0,6,0,0,0,0,0,0,0,0,1,0,0,1,2,0,0,0,0,1,5,0,0,0,0,0,0,0,0,36,0,0,0,0,49,0,0,0,0,0,0,0,0,0,0,0,0,0,0,677,0,0,3,20,0,0,0,93,0,0,0,0,0,0,0,10,0,0,0,0,0,0,0,0,0,5,1,0,0,0,0,0,306,0,0,0,0,0,0,0,0,0,0,0,9,0,0,0,0,0,0,0,5,0,5209,0,0,0,0,0,0,0,0,0,0,0,0,0,0,0,0,0,7,0,0,8,0,0,0,0,0,0,0,0,0,0,0,0,0,0,0,0,11,0,0,4,1,0,0,0,0,0,0,0,4,0,0,1,2,0,1,0,0,0,0,0,0,0,0,0,46,0,0,0,0,0,0,0,0,0,0,0,736,0,1,0,17,4,0,0,0,0,0,0,0,0,0,0,0,1,0,0,0,0,0,1,0,0,0,0,0,0,0,0,0,0,0,30,0,0,0,0,0,0,0,0,0,0,0,0,0,0,0,0,8,18,0,0,0,0,0,0,0,7,0,0,0,0,0,0,0,0,0,0,0,0,1,4,0,0,0,0,0,0,0,0,0,0,0,0,0,0,0,0,0,0,0,0,0,0,0,0,0,0,0,3,1,2,0,130,1,2,0,0,12,0,0,0,0,0,0,0,0,5,0,0,0,0,0,0,0,0,7,0,0,0,0,1,1,0,0,913,0,1,0,0,0,0,0,2,0,0,0,0,0,0,0,0,0,0,0,0,0,0,0,0,0,10,2,0,0,0,0,0,0,0,0,0,0,0,0,1,0,0,0,0,0,0,0,64,0,0,0,0,0,0,0,0,0,0,4,0,0,0,0,0,0,0,0,0,0,0,0,2,0,0,0,0,0,0,0,0,0,0,0,0,2,0,0,0,0,0,0,1,323,0,0,0,2,1,2,0,0,97,0,0,0,0,0,5,0,0,0,0,0,0,0,2044,0,0,0,0,12,0,0,0,2,0,0,0,0,0,0,0,0,0,35,0,0,3,0,0,0,0,0,0,0
40,ITS1PRE60308,0,0,34,0,0,0,3,0,4,0,0,0,0,1,0,0,0,0,0,0,0,0,0,0,0,0,0,0,0,0,0,0,0,0,0,0,0,0,2,12,0,0,0,0,0,0,0,0,0,0,0,5,0,0,0,0,0,0,0,1,0,0,0,0,1,0,0,0,0,0,0,4,0,0,0,0,0,0,0,0,0,0,2,3,0,0,0,0,0,0,0,0,3,1,0,0,1,0,2,0,0,0,0,0,0,14,0,0,6,0,0,0,0,0,0,0,0,7,94,0,35,7,22,0,1,110,0,0,0,23,3,0,0,0,0,0,0,0,0,0,0,0,0,27,0,0,0,0,0,0,0,0,6,0,0,0,0,0,1670,0,0,1,3,0,17,0,0,0,0,0,0,0,0,0,0,0,0,0,0,0,0,0,0,0,0,0,0,2,0,125,0,0,0,2,71,0,0,5,0,0,0,0,0,0,0,0,0,0,2,0,0,0,19,6,0,1,0,20,0,0,0,0,0,0,0,42,0,0,1,0,0,0,0,0,0,0,2,0,7,0,0,36,9,0,0,0,0,0,0,0,0,0,0,0,37,0,0,0,0,0,0,0,0,0,328,0,0,0,0,0,4,0,0,0,0,0,0,0,5,0,2,0,33,0,0,125,0,0,0,0,0,0,0,0,6,0,0,0,0,0,0,0,6,0,8,4,0,0,0,0,1,0,0,0,0,0,0,0,0,0,0,0,0,1,13,0,1,0,0,0,86,0,0,31,0,0,0,0,0,0,0,0,2386,0,0,0,4,105,0,0,0,0,0,0,0,0,0,0,0,0,0,0,0,0,0,3,0,0,0,0,0,5,0,0,0,9,0,0,0,0,0,2,0,0,0,0,0,7,0,0,0,0,0,0,15,15,0,0,0,0,0,0,0,0,0,39,0,0,0,0,0,0,0,0,0,0,2,39,0,0,0,0,0,0,0,0,0,0,0,0,0,0,0,0,0,0,0,0,0,0,0,0,0,0,0,0,0,1,0,90,3,34,0,0,0,0,0,0,0,2,0,0,0,8,0,0,2,0,0,0,0,0,10,0,0,0,1,1,0,0,7,162,0,0,0,0,0,0,0,0,0,3,0,0,0,0,0,0,0,0,0,0,0,0,0,0,0,2143,2,0,0,0,0,0,0,0,0,2,37,0,0,10,0,0,0,0,0,0,0,6,0,0,0,0,0,0,0,0,0,0,44,0,0,0,0,0,0,0,0,0,14,0,0,3,0,0,0,0,0,0,0,0,0,0,0,0,7,0,0,0,0,0,0,0,547,0,0,0,0,0,79,0,0,60,0,0,0,0,0,11,0,0,0,0,0,0,0,2986,0,0,0,0,0,0,0,0,4,0,0,0,0,0,0,0,0,0,13,0,0,0,0,0,0,0,0,0,0
41,ITS1PRE60309,0,0,0,0,0,0,0,0,0,0,0,0,74,0,0,2,0,0,0,0,0,1,0,0,0,0,0,0,1,0,0,0,0,0,0,0,0,0,0,7,0,0,0,13,0,0,0,0,1,0,0,3,8,0,0,0,0,0,0,0,0,0,0,0,0,0,0,0,0,0,0,0,0,0,0,0,0,0,0,2,0,0,1,0,0,0,0,0,0,0,0,0,0,2,0,0,0,0,0,0,0,1,0,0,4,8,0,0,7,0,0,0,0,0,0,0,0,5,70,0,5,0,10,0,0,1,0,0,0,1,0,0,0,0,0,0,1,0,0,0,0,6,0,0,0,0,0,0,0,0,3,0,0,0,0,0,0,0,0,0,0,2,0,0,0,0,0,0,0,0,0,0,0,0,0,0,0,0,0,0,0,0,0,4,0,0,0,0,0,0,0,4,0,0,9,0,0,0,0,0,0,0,0,0,0,0,0,2,0,1,0,6,0,0,0,1,0,0,0,0,1,0,0,0,0,191,0,0,0,0,0,0,0,0,1,0,0,0,0,0,0,0,1,0,0,0,0,0,0,0,0,0,0,0,9,0,0,0,0,0,0,0,0,0,7933,0,0,0,0,0,0,0,0,0,1,0,0,0,0,0,0,0,0,0,0,13,0,0,0,1,0,0,0,0,0,0,0,0,0,0,0,0,2,0,0,0,0,0,0,0,0,0,0,0,0,0,0,0,0,0,0,25,0,0,0,0,0,0,0,0,2,0,0,0,0,0,0,0,0,0,0,0,566,0,0,2,0,0,0,0,1,0,0,0,11,0,0,0,0,0,3,0,0,0,0,0,0,0,0,8,0,0,0,0,0,0,0,0,0,0,0,0,0,0,0,0,0,0,0,0,0,0,0,0,5,4,0,0,0,1,0,0,0,7,0,0,0,6,0,0,0,0,0,0,0,0,0,0,0,0,0,0,0,0,1,0,0,0,0,0,0,0,0,0,0,0,0,0,0,0,0,0,0,0,0,0,1,0,0,1,0,29,0,0,4,0,0,0,0,0,0,0,0,0,0,0,0,0,0,0,0,0,0,0,0,0,0,2,0,0,0,37,0,1,0,0,0,0,0,0,0,0,0,0,0,0,0,0,0,0,0,0,0,0,0,0,0,31,0,0,0,0,0,0,0,0,0,9,1,4,0,0,0,0,0,0,0,0,0,0,0,0,0,0,0,0,0,0,0,0,3,0,0,0,0,0,0,1,0,0,0,0,0,0,0,0,0,0,0,0,0,0,0,0,0,0,0,0,0,0,0,0,0,0,26,0,0,0,0,0,0,0,0,15,0,0,4,0,0,2,0,1,0,0,0,1,0,2837,0,0,1,0,0,0,0,0,0,0,0,0,0,0,2,0,0,0,13,0,2,0,0,0,0,0,0,0,0
42,ITS1PRE60310,0,0,54,0,0,0,0,0,0,0,0,4,0,0,0,3,0,0,0,0,0,0,0,0,0,4,2,0,0,0,0,3,0,0,0,0,0,0,6,10,0,0,0,0,0,0,0,0,0,0,0,5,0,0,0,0,0,0,0,0,0,0,0,0,0,7,0,0,0,0,0,0,0,0,0,0,0,0,0,0,0,0,6,0,0,0,0,0,0,5,0,0,3,39,0,0,0,0,0,0,2,0,0,0,0,14,0,0,0,0,0,0,0,0,0,0,0,14,547,0,15,0,15,0,0,1171,0,0,0,0,0,0,5,0,0,0,0,0,0,0,0,0,0,0,0,0,373,0,0,0,0,0,0,0,0,0,0,0,0,0,0,0,0,0,0,0,0,0,0,0,0,0,0,0,0,0,0,0,0,0,0,0,0,3,0,0,0,0,0,48,0,0,0,0,144,0,0,0,0,0,0,0,0,1,0,0,0,12,4,0,4,0,0,580,0,0,0,1,0,0,0,0,0,0,0,0,0,0,0,0,0,0,0,0,0,0,163,0,0,0,0,0,0,0,0,0,0,0,0,0,109,0,0,1,108,0,0,0,0,0,0,0,0,0,35,0,0,20,1,0,0,0,0,0,0,0,0,0,0,0,1,0,7,0,0,3373,0,0,0,0,0,0,0,0,7,51,0,0,0,0,0,0,0,0,7,0,0,0,0,0,0,0,0,0,0,0,0,184,0,0,0,0,0,0,0,0,0,0,0,0,6,0,0,0,0,0,0,0,0,0,0,0,1348,0,0,0,69,0,0,0,0,0,0,0,0,0,0,0,0,1,0,0,5,0,0,5,0,0,0,0,0,0,0,0,0,0,0,0,0,0,0,0,0,0,0,1,0,27,0,0,0,0,0,0,53,37,0,0,0,0,0,0,0,0,0,0,0,0,0,0,0,0,0,0,0,0,0,21,0,0,0,0,0,0,0,0,0,0,0,0,0,0,0,0,0,0,0,0,0,0,0,0,0,0,0,0,0,0,0,0,0,11,0,0,8,0,0,0,0,3,0,0,0,1,0,0,0,0,0,7,0,0,55,0,0,0,0,7,0,0,0,181,0,0,3,0,0,0,0,0,0,0,0,0,0,0,0,0,0,0,0,0,0,0,0,0,0,662,4,0,0,0,0,0,0,0,3,0,7,0,0,0,0,0,0,0,2,0,0,22,0,0,0,0,0,0,12,0,0,0,181,4,0,0,0,0,0,0,0,0,0,0,7,0,0,0,0,0,0,0,0,0,0,0,0,0,3,0,0,0,0,0,0,0,11,0,0,0,0,0,21,0,0,5,0,0,0,0,0,3,0,0,0,5,62,28,0,1980,11,0,0,0,9,0,0,0,0,0,0,0,0,0,0,0,0,13,11,0,0,0,0,0,0,0,0,0,3
43,ITS1PRE60311,0,0,0,0,0,0,0,0,2,0,0,0,0,0,0,0,0,0,0,0,0,1,0,0,0,0,0,0,0,16,3,0,1,0,5,0,0,0,5,37,3,0,0,0,0,0,0,0,0,0,0,4,0,0,0,0,0,0,0,0,0,0,0,0,1,3,0,0,0,0,0,1,0,0,0,0,0,0,0,0,0,0,9,0,0,0,0,0,0,0,0,0,3,5,0,0,0,0,0,0,0,0,0,0,0,38,0,0,0,0,0,0,0,0,0,0,0,2,408,0,15,0,1,0,0,0,0,0,3,0,0,0,0,0,0,0,0,0,0,0,0,0,0,0,0,0,0,0,0,0,2,0,32,0,0,0,1,4,0,0,0,0,1,0,1398,0,0,0,0,0,0,0,0,1,0,0,0,0,0,0,0,0,0,0,0,2,0,0,0,3,0,0,0,0,28,0,0,0,0,0,0,0,0,2,0,0,0,6,2,2,0,0,54,127,1,4,0,0,0,0,0,0,0,0,1,0,0,0,0,0,0,0,0,0,0,0,4,5,0,0,3,0,2,0,0,0,0,0,0,0,0,0,0,0,9,0,0,1,0,1,0,0,0,0,2129,0,0,5,1,0,7,0,0,1,0,0,0,0,0,0,1,0,4,0,0,2378,0,0,0,0,0,0,0,0,0,2,0,0,0,0,0,0,0,0,11,5,0,0,0,0,0,0,0,0,1,0,0,0,0,0,3,2,0,1,0,0,2,0,2,1,50,0,0,0,0,3,0,0,0,0,0,0,490,0,1,0,9,0,0,0,0,0,0,0,0,0,0,0,1,2,0,0,0,0,0,0,0,0,0,0,0,0,0,0,0,1,0,0,0,0,0,2,0,0,0,0,0,0,0,0,0,0,0,0,12,5,0,0,0,0,0,0,0,0,0,7,3,0,0,0,0,0,0,0,0,2,3,10,0,0,0,0,0,0,0,0,5,18,0,0,0,0,0,0,0,0,0,0,0,0,0,0,0,0,0,0,0,0,0,10,8,4,0,0,5,0,0,0,0,0,0,0,0,0,0,0,0,0,0,3,5,0,275,0,2,4,0,0,1,0,1059,273,0,0,0,0,0,1,0,0,0,5,0,0,0,0,0,0,0,0,0,0,0,0,0,0,0,0,5,0,0,0,0,0,0,0,0,2,0,0,0,0,0,0,0,0,0,0,7,4,0,0,0,0,1,0,0,0,0,0,22,0,0,0,0,0,0,0,0,0,2,0,9,0,0,0,0,0,0,0,0,0,4,0,0,0,0,0,0,6,0,0,0,0,1647,0,0,0,0,0,1,0,0,21,0,0,46,0,2,0,0,0,0,0,6,5,0,1152,3,0,1,1,11,0,0,0,5,0,0,0,0,0,1,0,0,0,27,0,0,1,0,0,0,0,0,0,0
44,ITS1PRE60312,0,0,6,0,0,0,0,0,0,0,0,0,34,45,0,0,0,0,0,0,0,1,0,0,0,0,0,0,0,0,0,0,7,0,0,0,0,0,0,14,0,0,0,0,0,0,0,0,0,0,0,7,0,0,13,0,0,0,0,0,0,0,0,0,0,0,0,0,0,18,0,7,0,0,0,0,0,1,0,0,0,0,14,0,10,0,0,0,0,0,0,0,0,0,1,0,0,0,0,0,0,0,0,0,0,1,0,0,0,0,0,0,0,0,0,0,0,0,137,0,26,0,1800,0,24,153,0,0,0,0,0,0,0,1,0,0,0,0,7,0,0,0,0,0,0,0,0,30,0,0,0,0,18,0,0,0,0,0,6,0,0,0,0,0,0,0,0,0,0,0,0,0,19,0,0,0,0,0,0,0,0,0,10,25,0,0,0,2,0,61,0,0,0,0,42,0,0,0,0,13,0,0,0,19,0,0,0,0,0,0,0,0,28,178,0,1,0,0,0,0,0,0,72,0,0,240,0,0,0,0,0,0,0,0,0,0,0,0,0,0,0,0,0,0,0,0,0,0,0,0,0,0,0,0,26,0,0,9,10,0,0,0,106,0,310,0,0,0,0,0,0,0,0,0,0,0,0,10,0,0,0,0,0,0,0,2388,0,0,0,0,0,0,0,0,23,0,0,0,0,0,0,0,0,0,20,0,0,0,0,0,0,0,0,0,0,0,0,131,0,0,30,123,0,0,0,0,0,0,0,0,29,0,0,0,0,0,0,0,0,0,0,0,1111,0,0,0,0,0,0,0,0,0,0,0,12,0,0,0,0,0,0,0,0,0,0,0,0,0,0,657,0,0,0,0,0,12,0,0,0,0,0,12,0,0,0,0,0,33,0,39,0,0,0,0,7,3,0,0,0,0,0,0,0,9,0,0,0,0,0,0,0,0,0,0,0,0,0,0,0,0,0,0,0,8,1,0,0,0,0,0,0,0,0,0,0,0,0,0,0,0,0,0,0,0,0,0,1,0,0,37,0,17,0,0,0,0,0,0,0,0,0,0,0,0,0,0,16,0,0,0,0,2,30,0,33,0,1,0,0,0,0,69,0,0,0,0,0,28,0,0,0,0,0,0,0,0,0,0,0,0,0,0,0,0,0,0,0,80,0,0,0,0,0,0,0,0,0,0,34,0,0,1,0,0,16,0,0,0,3,0,0,0,0,0,0,0,0,0,0,0,34,0,0,0,0,0,0,0,0,0,0,0,0,0,0,0,0,0,0,0,0,0,1,0,0,0,19,0,0,0,0,0,0,0,1647,0,0,0,0,0,0,0,0,2,0,0,0,0,0,0,0,0,0,0,14,0,0,1788,0,0,0,0,0,0,0,1,0,0,0,0,0,0,0,5,0,0,0,0,0,0,0,0,0,0,0,0,0